No,Tahun,Media_Online,Seed_URL,URL_Word,Parent_Page,Anchor_Text,Surrounding_Text,Class
1,2019,antaranews,https://www.antaranews.com/berita/943420/pemprov-jabar-percepat-pembangunan-amphitheater-geopark-ciletuh,0.8,0.98,0.8,0.98,1
2,2019,antaranews,https://jabar.antaranews.com/berita/108176/pengembangan-geopark-ciletuh-sukabumi-butuh-bantuan-pemerintah-provinsi-dan-pusat,0.85,0.96,0.39,0.0,1
3,2020,antaranews,https://www.antaranews.com/video/1301262/membiasakan-para-siswa-di-sekitar-geopark-ciletuh-untuk-meminimalisasi-sampah-plastik,0.76,0.98,0.85,0.2,1
4,2020,antaranews,https://www.antaranews.com/berita/1301114/akses-ke-geopark-ciletuh-palabuhan-ratu-dikepung-banjir-dan-longsor,0.82,0.98,0.76,0.98,1
5,2020,antaranews,https://www.antaranews.com/video/1263389/kampanye-antisampah-plastik-untuk-menjaga-keasrian-geopark-ciletuh,0.76,0.89,0.2,0.32,1
6,2020,antaranews,https://www.antaranews.com/berita/1236895/kampanye-anti-sampah-perum-jamkrindo-di-geopark-ciletuh-diapresiasi,0.76,0.98,0.76,0.98,1
7,2019,antaranews,https://www.antaranews.com/berita/1209759/perum-jamkrindo-tanam-ratusan-pohon-di-kawasan-geopark-ciletuh,0.76,0.98,0.82,0.98,1
8,2019,antaranews,https://www.antaranews.com/video/1031836/surga-wisata-geopark-ciletuh-palabuhan-ratu,0.85,0.98,0.54,0.57,1
9,2019,antaranews,https://www.antaranews.com/berita/974132/pelaku-usaha-geopark-ciletuh-sukabumi-dapat-pelatihan-keuangan,0.85,0.98,0.85,0.98,1
10,2019,antaranews,https://ramadhan.antaranews.com/berita/900853/minibus-bak-terbuka-terjun-ke-jurang-di-jalur-menuju-geopark-ciletuh,0.76,0.91,0.0,0.0,1
11,2018,antaranews,https://www.antaranews.com/video/776375/geopark-ciletuh-surganya-olah-raga-selancar,0.76,0.94,0.2,0.25,1
12,2018,antaranews,https://www.antaranews.com/berita/776237/pakar-geopark-ciletuh-rawan-gempa-dan-tsunami,0.76,0.98,0.85,0.99,1
13,2018,antaranews,https://www.antaranews.com/video/758490/festival-geopark-ciletuh-untuk-sukabumi-yang-kian-menarik,0.85,0.92,0.93,0.91,1
14,2018,antaranews,https://www.antaranews.com/berita/723087/seperempat-juta-lebih-turis-tumplek-di-geopark-ciletuh,0.76,1.0,0.85,0.98,1
15,2018,antaranews,https://www.antaranews.com/foto/719853/wisata-geopark-ciletuh-palabuhan-ratu,0.85,0.96,0.0,0.0,1
16,2018,antaranews,https://www.antaranews.com/berita/715991/jabar-harus-pertahankan-ciletuh-pelabuhanratu-geopark-dunia,0.86,0.98,0.82,0.98,1
17,2018,antaranews,https://www.antaranews.com/berita/715656/jabar-berkomitmen-pertahankan-ciletuh-sebagai-geopark-dunia,0.8,0.97,0.65,0.78,1
18,2018,antaranews,https://www.antaranews.com/foto/715643/penetapan-geopark-ciletuh-pelabuhanratu,0.82,0.96,0.0,0.0,1
19,2019,antaranews,https://www.antaranews.com/berita/1101124/vokasi-ui-berdayakan-masyarakat-di-geopark-gunung-pongkor,0.51,0.64,0.0,0.57,0
20,2019,antaranews,https://www.antaranews.com/berita/986164/jokowi-dorong-taman-bumi-kaldera-toba-diakui-unesco,0.27,0.84,0.0,0.39,1
21,2019,antaranews,https://www.antaranews.com/berita/1050906/taman-bumi-gunungsewu-pertahankan-keanggotaan-di-unesco-global-geopark,0.58,0.61,0.54,0.87,0
22,2019,antaranews,https://www.antaranews.com/berita/1197308/pemkab-bogor-undang-menteri-dan-13-kepala-daerah-bahas-perbatasan,0.0,0.89,0.0,0.35,1
23,2019,antaranews,https://www.antaranews.com/berita/815290/antam-kembangkan-taman-buah-nusantara-di-bogor,0.16,0.66,0.16,0.16,0
24,2019,antaranews,https://www.antaranews.com/berita/801240/dikembangkan-36-titik-geopark-di-meratus,0.51,0.59,0.0,0.5,0
25,2013,antaranews,https://www.antaranews.com/berita/395853/kawasan-wisata-geologi-ekologi-ciletuh-diperkenalkan-bio-farma,0.59,0.68,0.25,0.25,1
26,2015,antaranews,https://www.antaranews.com/berita/536394/hari-ini-ciletuh-terima-sertifikat-geopark,0.76,0.93,0.8,0.98,1
27,2016,antaranews,https://www.antaranews.com/berita/556066/menjajal-geopark-ciletuh-sukabumi,0.85,0.9,0.76,0.98,1
28,2016,antaranews,https://www.antaranews.com/berita/561409/warga-sekitar-geopark-ciletuh-dilatih-jadi-pemandu-wisata,0.78,0.91,0.87,0.94,1
29,2016,antaranews,https://www.antaranews.com/berita/568388/kawasan-geopark-ciletuh-sukabumi-akan-diperluas,0.85,0.99,0.85,0.98,1
30,2016,antaranews,https://www.antaranews.com/berita/594507/jalur-menuju-geopark-ciletuh-sudah-bisa-dilalui,0.76,0.91,0.85,0.98,1
31,2016,antaranews,https://www.antaranews.com/berita/594272/longsor-tutup-jalan-menuju-wisata-geopark-ciletuh,0.78,0.91,0.85,0.98,1
32,2016,antaranews,https://www.antaranews.com/berita/586684/bio-farma-promosikan-geopark-ciletuh-ke-mancanegara,0.76,0.99,0.85,0.98,1
33,2016,antaranews,https://www.antaranews.com/berita/579068/empat-negara-berpartisipasi-pada-festival-taman-bumi-ciletuh-2016,0.6,0.8,0.6,1.0,1
34,2017,antaranews,https://www.antaranews.com/berita/607361/tim-penilai-unesco-siap-kunjungi-geopark-ciletuh,0.77,0.98,0.77,0.98,1
35,2017,antaranews,https://www.antaranews.com/berita/604537/tahun-ini-dibangun-jalan-baru-33-km-ke-geopark-ciletuh,0.76,0.98,0.8,0.98,1
36,2016,antaranews,https://www.antaranews.com/berita/598603/jabar-siapkan-rp200-miliar-untuk-infrastruktur-geopark-ciletuh,0.8,0.96,0.76,1.0,1
37,2016,antaranews,https://www.antaranews.com/berita/594693/jabar-presentasikan-geopark-ciletuh-di-jepang,0.8,0.82,0.82,0.99,1
38,2017,antaranews,https://www.antaranews.com/berita/643659/tim-unesco-berencana-kunjungi-geopark-ciletuh,0.77,1.0,0.77,0.99,1
39,2017,antaranews,https://www.antaranews.com/berita/628825/paramitha-rusady-jadi-duta-geopark-ciletuh,0.76,0.91,0.76,0.98,1
40,2017,antaranews,https://www.antaranews.com/berita/658630/geopark-ciletuh-diyakini-jadi-destinasi-dunia,0.76,0.98,0.76,0.98,1
41,2017,antaranews,https://www.antaranews.com/berita/644442/unesco-sudah-di-sukabumi-untuk-nilai-geopark-ciletuh,0.87,0.93,0.76,0.99,1
42,2017,antaranews,https://www.antaranews.com/berita/668634/gelombang-pasang-merusak-jalur-joging-geopark-palabuhanratu,0.6,0.98,0.6,0.65,1
43,2018,antaranews,https://www.antaranews.com/berita/701842/ada-puncak-aher-di-taman-bumi-ciletuh,0.6,0.98,0.79,0.98,1
44,2018,antaranews,https://www.antaranews.com/berita/701701/geopark-ciletuh-bagian-geopark-global-unesco,0.77,0.99,0.76,0.98,1
45,2020,beritasatu,https://www.beritasatu.com/nasional/600589/akses-ke-geopark-ciletuh-di-sukabumi-dikepung-banjir-dan-longsor,0.85,0.98,0.85,0.85,1
46,2019,beritasatu,https://www.beritasatu.com/nasional/571481/sekda-sukabumi-pengembangan-geopark-ciletuh-butuh-bantuan-pusat,0.85,0.96,0.85,0.85,1
47,2019,beritasatu,https://www.beritasatu.com/mobil/536582/menjajal-keandalan-xenia-1500-cc-di-tanjakan-ekstrem-geopark-ciletuh,0.76,0.94,0.76,0.85,1
48,2018,beritasatu,https://www.beritasatu.com/nasional/499088/300000-turis-kunjungi-geopark-ciletuh-selama-libur-lebaran,0.76,0.99,0.87,0.87,1
49,2018,beritasatu,https://www.beritasatu.com/video-berita/497389/menikmati-mandi-air-panas-di-geopark-ciletuh,0.76,0.87,0.0,0.87,1
50,2018,beritasatu,https://www.beritasatu.com/rehat/493145/unesco-terbitkan-sertifikat-untuk-geopark-ciletuh,0.77,0.96,0.9,0.9,1
51,2018,beritasatu,https://www.beritasatu.com/nasional/488727/ciletuh-dan-rinjani-jadi-geopark-dunia,0.76,0.98,0.76,0.76,1
52,2018,beritasatu,https://www.beritasatu.com/saujana/486773/festival-hari-nelayan-pelabuanratu-ke58-sukses,0.32,0.98,0.91,0.91,1
53,2018,beritasatu,https://www.beritasatu.com/ekonomi/486491/menhub-targetkan-pelabuhan-ratu-beroperasi-2019,0.32,0.94,0.32,0.91,1
54,2019,cnnindonesia,https://www.cnnindonesia.com/teknologi/20190201173709-384-365784/menggoyang-xpander-dari-jakarta-sampai-geopark-ciletuh,0.76,0.96,0.39,0.46,1
55,2020,cnnindonesia,https://www.cnnindonesia.com/nasional/20200220140930-20-476472/longsor-terjang-ciawi-bogor-4-warga-tewas,0.0,0.89,0.0,0.0,1
56,2020,cnnindonesia,https://www.cnnindonesia.com/nasional/20200217102157-20-475263/banjir-dan-longsor-kepung-akses-geopark-ciletuh-sukabumi,0.85,0.98,0.85,0.96,1
57,2018,cnnindonesia,https://www.cnnindonesia.com/gaya-hidup/20181223194113-269-355946/menjaga-denyut-teluk-ciletuh-lewat-konservasi-dan-budidaya,0.56,1.0,0.64,0.93,1
58,2018,cnnindonesia,https://www.cnnindonesia.com/gaya-hidup/20181218154222-269-354582/manfaatkan-homestay-saat-libur-akhir-tahun-di-geopark-ciletuh,0.76,0.96,0.82,0.93,1
59,2018,cnnindonesia,https://www.cnnindonesia.com/gaya-hidup/20181114150117-269-346540/merawat-ingatan-geopark-ciletuh-palabuhanratu,0.82,1.0,0.87,0.93,1
60,2018,cnnindonesia,https://www.cnnindonesia.com/gaya-hidup/20181115160207-269-346841/pengabdi-geopark-ciletuh-palabuhanratu,0.82,0.96,0.43,0.93,1
61,2018,cnnindonesia,https://www.cnnindonesia.com/gaya-hidup/20181114193803-269-346625/geopark-ciletuh-berhadapan-dengan-masalah-klasik,0.76,0.94,0.87,0.93,1
62,2018,cnnindonesia,https://www.cnnindonesia.com/gaya-hidup/20181116123945-269-347082/meluncur-ke-geopark-ciletuh-palabuhanratu,0.82,0.96,0.93,0.93,1
63,2018,cnnindonesia,https://www.cnnindonesia.com/gaya-hidup/20181014134256-269-338359/rekor-dunia-tercipta-di-pembukaan-festival-geopark-ciletuh,0.76,0.92,0.76,0.93,1
64,2018,cnnindonesia,https://www.cnnindonesia.com/gaya-hidup/20181013151113-269-338225/upacara-adat-syukur-bumi-awali-festival-geopark-ciletuh,0.77,0.9,0.76,0.93,1
65,2018,cnnindonesia,https://www.cnnindonesia.com/gaya-hidup/20180603211110-269-303120/jabar-berambisi-pertahankan-ciletuh-sebagai-geopark-dunia,0.8,0.98,0.87,0.93,1
66,2018,cnnindonesia,https://www.cnnindonesia.com/gaya-hidup/20180329192319-269-286958/perikanan-jadi-kekuatan-baru-pariwisata-ciletuh,0.56,0.98,0.93,0.93,1
67,2017,cnnindonesia,https://www.cnnindonesia.com/gaya-hidup/20171015144159-307-248492/kemenpar-gali-potensi-pariwisata-geopark-ciletuh,0.76,0.98,0.0,0.93,1
68,2017,cnnindonesia,https://www.cnnindonesia.com/gaya-hidup/20170801124724-307-231659/unesco-datang-beri-penilaian-status-geopark-ciletuh,0.77,0.98,0.0,0.93,1
69,2017,cnnindonesia,https://www.cnnindonesia.com/gaya-hidup/20170118101520-269-187098/unesco-pertimbangkan-cileteuh-menjadi-taman-bumi,0.62,0.95,0.84,0.0,1
70,2016,cnnindonesia,https://www.cnnindonesia.com/gaya-hidup/20161214134621-307-179538/ciletuh-wisata-unggulan-jabar-rekomendasi-gubernur-aher,0.64,0.92,0.0,0.0,1
71,2016,cnnindonesia,https://www.cnnindonesia.com/gaya-hidup/20160620035114-269-139349/pemerintah-jawa-barat-akan-perluas-kawasan-geopark-ciletuh,0.8,0.99,0.69,0.0,1
72,2019,cnnindonesia,https://www.cnnindonesia.com/gaya-hidup/20190417135248-269-387195/tahun-ini-kelimutu-mendaftar-sebagai-geopark-nasional,0.51,0.87,0.51,0.61,1
73,2019,cnnindonesia,https://www.cnnindonesia.com/gaya-hidup/20190106104003-269-358766/tersasar-di-geopark-pongkor,0.51,0.66,0.55,0.61,0
74,2019,cnnindonesia,https://www.cnnindonesia.com/gaya-hidup/20190121182410-269-362578/manfaat-menjelajahi-di-kawasan-wisata-alam,0.2,0.2,0.2,0.2,0
75,2019,cnnindonesia,https://www.cnnindonesia.com/gaya-hidup/20190130074152-269-364933/belitung-menuju-unesco-global-geopark,0.54,0.58,0.51,0.61,0
76,2019,cnnindonesia,https://www.cnnindonesia.com/gaya-hidup/20190613150907-269-403027/yachter-mancanegara-bakal-sambangi-natuna-pertengahan-juni,0.0,0.6,0.2,0.61,0
77,2019,cnnindonesia,https://www.cnnindonesia.com/gaya-hidup/20190625053157-269-406063/geopark-meratus-akan-didaftarkan-ke-unesco,0.54,0.61,0.51,0.61,0
78,2019,cnnindonesia,https://www.cnnindonesia.com/tv/20190510135925-405-393722/video-pesona-alam-geopark-batu,0.51,0.59,0.55,0.55,0
79,2019,cnnindonesia,https://www.cnnindonesia.com/gaya-hidup/20190312101339-269-376424/natuna-resmi-berstatus-geopark-nasional,0.51,0.55,0.51,0.61,0
80,2018,cnnindonesia,https://www.cnnindonesia.com/nasional/20181210064455-20-352353/pakar-geopark-ciletuh-rawan-gempa-dan-tsunami,0.76,0.98,0.76,0.96,1
81,2018,cnnindonesia,https://www.cnnindonesia.com/gaya-hidup/20181115201723-269-346947/objek-wisata-ikonik-di-geopark-ciletuh-palabuhanratu,0.85,0.96,0.85,0.93,1
82,2018,cnnindonesia,https://www.cnnindonesia.com/gaya-hidup/20181017173712-269-339269/huta-ginjang-di-danau-toba-bakal-pikat-wisman-dan-milenial,0.0,0.55,0.0,0.93,0
83,2018,cnnindonesia,https://www.cnnindonesia.com/gaya-hidup/20181001183151-269-334736/november-ini-pameran-flora-dan-fauna-terbesar-di-indonesia,0.0,0.51,0.0,0.93,0
84,2018,cnnindonesia,https://www.cnnindonesia.com/gaya-hidup/20180921163903-269-332119/kain-ulos-bisa-bantu-danau-toba-jadi-unesco-global-geopark,0.54,0.54,0.0,0.93,0
85,2018,cnnindonesia,https://www.cnnindonesia.com/gaya-hidup/20181201145122-269-350393/delapan-geopark-baru-kembali-diakui-secara-nasional,0.51,0.9,0.51,0.93,1
86,2019,cnnindonesia,https://www.cnnindonesia.com/gaya-hidup/20190213155256-269-368934/menpar-akui-borobudur-kalah-populer-dibanding-angkor-wat,0.0,0.32,0.2,0.93,0
87,2019,cnnindonesia,https://www.cnnindonesia.com/gaya-hidup/20191015171816-269-439730/satu-juta-pohon-bakal-meneduhkan-danau-toba,0.0,0.57,0.2,0.93,0
88,2019,cnnindonesia,https://www.cnnindonesia.com/gaya-hidup/20191107164750-269-446403/5-destinasi-bersepeda-favorit-turis-di-indonesia,0.0,0.35,0.2,0.93,0
89,2018,cnnindonesia,https://www.cnnindonesia.com/gaya-hidup/20181030200150-269-342744/destinasi-wisata-yang-lebih-fotogenik-saat-bersalju,0.2,0.3,0.2,0.93,0
90,2020,cnnindonesia,https://www.cnnindonesia.com/gaya-hidup/20200225150443-269-477957/taman-bumi-natuna-dari-tanjung-datuk-ke-pantai-batu-kasah,0.22,0.61,0.59,0.93,0
91,2018,cnnindonesia,https://www.cnnindonesia.com/gaya-hidup/20180815201244-269-322611/gili-trawangan-sudah-aman-dikunjungi,0.0,0.59,0.55,0.93,0
92,2018,cnnindonesia,https://www.cnnindonesia.com/gaya-hidup/20180802165707-269-319012/merambah-objek-wisata-selain-pantai-di-sekitar-cimaja,0.2,0.96,0.2,0.93,1
93,2018,cnnindonesia,https://www.cnnindonesia.com/gaya-hidup/20180801175952-269-318741/menunggangi-gelombang-takdir-di-cimaja,0.0,0.72,0.2,0.93,0
94,2018,cnnindonesia,https://www.cnnindonesia.com/gaya-hidup/20180724173348-269-316656/wisata-minat-khusus-gerbang-menuju-geopark,0.55,0.81,0.57,0.93,1
95,2018,cnnindonesia,https://www.cnnindonesia.com/gaya-hidup/20180427164159-269-294176/konsep-wisata-di-kawasan-karst-karawang-mendapat-tentangan,0.2,0.6,0.2,0.93,0
96,2017,cnnindonesia,https://www.cnnindonesia.com/gaya-hidup/20171126225230-307-258219/lima-destinasi-sabet-gelar-taman-nasional-di-indonesia,0.16,0.59,0.0,0.93,0
97,2017,cnnindonesia,https://www.cnnindonesia.com/gaya-hidup/20171124164800-307-257866/belitung-bidik-masuk-zonasi-geopark-global,0.51,0.57,0.0,0.93,0
98,2014,cnnindonesia,https://www.cnnindonesia.com/ekonomi/20141113171749-92-11362/rugi-garuda-indonesia-naik-harga-saham-turun,0.0,0.2,0.0,0.0,0
99,2018,cnnindonesia,https://www.cnnindonesia.com/nasional/20180314162530-12-282948/surabaya-black-hat-sering-bantu-proyek-ti-instansi-pemerintah,0.0,0.2,0.0,0.93,0
100,2015,cnnindonesia,https://www.cnnindonesia.com/hiburan/20150716153556-220-66769/ant-man-siap-merampok-penonton-bioskop-kala-lebaran,0.0,0.0,0.0,0.93,0
101,2020,cnnindonesia,https://www.cnnindonesia.com/hiburan/20200108152835-220-463510/sutradara-train-to-busan-bawa-misteri-baru-lewat-the-cursed,0.0,0.0,0.0,0.0,0
102,2020,cnnindonesia,https://www.cnnindonesia.com/teknologi/20200201153006-199-470724/gabungan-peneliti-kebut-bikin-vaksin-tangkal-corona,0.0,0.0,0.0,0.0,0
103,2020,cnnindonesia,https://www.cnnindonesia.com/teknologi/20200302094059-185-479610/cegah-penyadapan-pejabat-disebut-perlu-aplikasi-khusus,0.0,0.0,0.0,0.0,0
104,2020,cnnindonesia,https://www.cnnindonesia.com/teknologi/20200302193824-185-479883/virus-corona-meluas-twitter-imbau-karyawan-kerja-dari-rumah,0.0,0.0,0.0,0.2,0
105,2020,cnnindonesia,https://www.cnnindonesia.com/gaya-hidup/20200430165436-255-499017/menjaga-lansia-agar-tetap-sehat-selama-karantina,0.0,0.0,0.0,0.0,0
106,2017,cnnindonesia,https://www.cnnindonesia.com/ekonomi/20170401030509-78-204213/uangteman-jaga-rasio-pembiayaan-bermasalah-tak-sentuh-5,0.0,0.0,0.0,0.0,0
107,2017,cnnindonesia,https://www.cnnindonesia.com/teknologi/20170331163241-185-204106/tujuh-startup-lokal-cari-investor-potensial,0.0,0.0,0.0,0.0,0
108,2018,cnnindonesia,https://www.cnnindonesia.com/olahraga/20180101142509-178-265900/jalan-berliku-indonesia-menuju-kesuksesan-asian-games-2018,0.0,0.25,0.0,0.0,0
109,2019,cnnindonesia,https://www.cnnindonesia.com/ekonomi/20190131162425-85-365461/pertamina-gandeng-perusahaan-italia-kembangkan-bbm-ramah-alam,0.0,0.0,0.0,0.16,0
110,2019,cnnindonesia,https://www.cnnindonesia.com/ekonomi/20190131202626-92-365553/indonesia-siap-ekspor-tempe-ke-arab-saudi,0.0,0.0,0.0,0.0,0
111,2016,cnnindonesia,https://www.cnnindonesia.com/nasional/20160715203514-20-145057/bio-farma-tak-ambil-untung-dari-produksi-vaksin-di-indonesia,0.0,0.0,0.0,0.0,0
112,2020,cnnindonesia,https://www.cnnindonesia.com/nasional/20200409185501-20-492235/jabar-perpanjang-masa-belajar-di-rumah-hingga-27-april,0.25,0.25,0.0,0.0,0
113,2020,cnnindonesia,https://www.cnnindonesia.com/nasional/20200409175044-20-492210/ridwan-kamil-klaim-jabar-bisa-gelar-1200-tes-pcr-per-hari,0.25,0.25,0.0,0.0,0
114,2020,cnnindonesia,https://www.cnnindonesia.com/nasional/20200409135043-20-492068/depok-dan-bogor-perpanjang-masa-belajar-di-rumah,0.0,0.25,0.0,0.0,0
115,2020,cnnindonesia,https://www.cnnindonesia.com/nasional/20200409164457-20-492190/lonjakan-tertinggi-positif-corona-di-indonesia-tembus-3293,0.0,0.25,0.0,0.0,0
116,2019,cnnindonesia,https://www.cnnindonesia.com/gaya-hidup/20191010143552-269-438418/kalahkan-italia-indonesia-destinasi-wisata-terbaik,0.2,0.2,0.2,0.0,0
117,2019,inews,https://www.inews.id/travel/destinasi/wisata-pelabuhanratu-sambil-jelajahi-hutan-di-kawasan-geopark-ciletuh,0.85,0.91,0.76,0.9,1
118,2019,inews,https://www.inews.id/travel/destinasi/jelajahi-geopark-ciletuh-yang-mendunia-ada-taman-purba-dan-alluvial,0.77,0.91,0.76,0.89,1
119,2019,inews,https://www.inews.id/travel/destinasi/potensi-geopark-indonesia-dipromosikan-di-markas-unesco-paris,0.54,0.92,0.54,0.91,1
120,2019,inews,https://www.inews.id/travel/destinasi/sail-to-natuna-promosikan-kawasan-wisata-geopark-nasional,0.55,0.6,0.51,0.9,0
121,2019,inews,https://www.inews.id/news/nasional/geopark-indonesia-inews-raih-penghargaan-kpid-dki-jakarta-awards-2019,0.51,0.55,0.51,0.91,0
122,2019,inews,https://www.inews.id/travel/destinasi/geopark-indonesia-juara-1-anugerah-pewarta-wisata-indonesia-2019,0.55,0.59,0.51,0.92,0
123,2019,inews,https://www.inews.id/travel/destinasi/menelusuri-keindahan-alam-dan-adat-warga-sijunjung,0.0,0.58,0.51,0.89,0
124,2019,inews,https://www.inews.id/travel/destinasi/mengenal-kabuenga-tradisi-masyarakat-wakatobi-mencari-jodoh,0.0,0.59,0.51,0.89,0
125,2019,inews,https://www.inews.id/travel/destinasi/wisata-ke-sulawesi-utara-pasar-ekstrem-di-tomohon-jadi-daya-tarik-turis,0.2,0.57,0.51,0.89,0
126,2019,inews,https://www.inews.id/travel/destinasi/ujung-kulon-diajukan-ke-unesco-menjadi-geopark-dunia,0.54,0.83,0.2,0.25,1
127,2018,inews,https://jabar.inews.id/berita/geopark-ciletuh-siap-mendunia-pemprov-jabar-pacu-infrastuktur,0.8,0.92,0.76,0.89,1
128,2018,inews,https://www.inews.id/travel/destinasi/indahnya-geopark-ciletuh-miliki-hamparan-alluvial-dengan-batuan-unik,0.76,0.87,0.76,0.89,1
129,2018,inews,https://www.inews.id/travel/destinasi/indahnya-terumbu-karang-di-geopark-ciletuh-bikin-traveler-kagum,0.76,0.96,0.76,0.89,1
130,2019,jpnn,https://www.jpnn.com/news/geopark-ciletuh-palabuhanratu-sepi-pengunjung-ini-penyebabnya,0.82,0.96,0.91,0.94,1
131,2019,jpnn,https://www.jpnn.com/news/sentral-geopark-ciletuh-pemkab-sukabumi-geser-kantor-pemerintahan-ke-palabuhanratu,0.91,0.56,0.93,0.98,1
132,2019,jpnn,https://www.jpnn.com/news/bocah-6-tahun-tenggelam-di-sungai-geopark-ciletuh,0.76,0.96,0.82,0.96,1
133,2019,jpnn,https://www.jpnn.com/kemenkumham/news/bea-cukai-bogor-lirik-potensi-kabupaten-sukabumi,0.39,0.99,0.39,0.52,1
134,2018,jpnn,https://www.jpnn.com/news/festival-hari-nelayan-palabuanratu-sukses-pikat-wisatawan,0.32,0.86,0.0,0.2,1
135,2020,jpnn,https://www.jpnn.com/news/jamkrindo-fasilitasi-pelatihan-untuk-masyarakat-ciletuh-di-era-new-normal?page=2,0.56,0.76,0.82,0.94,1
136,2020,jpnn,https://m.jpnn.com/news/jamkrindo-fasilitasi-pelatihan-untuk-masyarakat-ciletuh-di-era-new-normal?page=3,0.56,0.8,0.82,0.94,1
137,2018,jpnn,https://m.jpnn.com/news/bisa-tekan-kemiskinan-geopark-ciletuh-harus-jadi-prioritas?page=2,0.76,0.93,0.85,0.94,1
138,2019,jpnn,https://www.jpnn.com/news/perum-jamkrindo-jalin-kerja-sama-dengan-pemkab-sukabumi,0.39,0.96,0.76,0.94,1
139,2017,jpnn,https://www.jpnn.com/news/status-geopark-ciletuh-jadi-unesco-global-geopark-ditentukan-awal-agustus,0.77,0.98,0.76,0.94,1
140,2016,jpnn,https://www.jpnn.com/news/6-titik-geopark-ciletuh-yang-wajib-dijelajahi,0.76,0.87,0.76,0.96,1
141,2017,jpnn,https://www.jpnn.com/news/menpar-promosikan-geopark-ciletuh-via-agat-2017,0.76,0.92,0.0,0.2,1
142,2017,jpnn,https://www.jpnn.com/news/geopark-ciletuh-palabuhanratu-bakal-jadi-kawasan-ekonomi-khusus?page=2,0.82,0.81,0.82,0.94,1
143,2019,jpnn,https://www.jpnn.com/news/sentral-geopark-ciletuh-pemkab-sukabumi-geser-kantor-pemerintahan-ke-palabuhanratu?page=2,0.91,0.85,0.93,0.98,1
144,2017,jpnn,https://www.jpnn.com/news/status-geopark-ciletuh-jadi-unesco-global-geopark-ditentukan-awal-agustus?page=3,0.77,0.2,0.76,0.94,0
145,2017,jpnn,https://www.jpnn.com/news/status-geopark-ciletuh-jadi-unesco-global-geopark-ditentukan-awal-agustus?page=2,0.77,0.98,0.76,0.94,1
146,2019,kontan,https://keuangan.kontan.co.id/news/kampanye-anti-sampah-plastik-jamkrindo-mulai-berdayakan-masyarakat-kawasan-ciletuh?page=all,0.56,0.99,0.0,0.0,1
147,2017,kontan,https://lifestyle.kontan.co.id/news/geopark-ciletuh-didorong-jadi-level-internasional,0.76,0.98,0.0,0.2,1
148,2016,kontan,https://regional.kontan.co.id/news/akses-jalan-ke-geopark-ciletuh-tertutup-longsor,0.76,0.91,0.0,0.0,1
149,2020,kumparan,https://kumparan.com/sukabumi-update/pengguna-jalur-geopark-ciletuh-girimukti-sukabumi-diperiksa-suhu-tubuh-1tCv7D7jgso,0.85,0.87,0.46,0.46,1
150,2020,kumparan,https://kumparan.com/sukabumi-update/pantai-palangpang-penuh-sampah-ikon-geopark-ciletuh-sukabumi-kotor-1se7ocUbeEE,0.85,0.91,0.46,0.46,1
151,2020,kumparan,https://kumparan.com/kumparannews/banjir-dan-longsor-kepung-wilayah-di-sekitar-geopark-ciletuh-sukabumi-1sr9wUTpvKI,0.85,0.98,0.85,0.92,1
152,2020,kumparan,https://kumparan.com/sukabumi-update/geopark-ciletuh-dikepung-bencana-bupati-sukabumi-opd-harus-lebih-responsif-1srGDUFgPgk,0.85,0.67,0.94,0.99,1
153,2020,kumparan,https://kumparan.com/sukabumi-update/studio-alam-girimukti-spot-favorit-pre-wedding-di-geopark-ciletuh-1scc2nofAZv,0.76,0.87,0.5,0.5,1
154,2019,kumparan,https://kumparan.com/kumparantravel/pemkab-sukabumi-diminta-fokus-kembangkan-geopark-ciletuh-1sE5g72DOdC,0.85,0.98,0.87,0.92,1
155,2020,kumparan,https://kumparan.com/sukabumi-update/sampah-di-geopark-ciletuh-palabuhanratu-capai-600-ton-saat-masa-libur-1sZ8Irp3AhJ,0.82,0.93,0.46,0.46,1
156,2019,kumparan,https://kumparan.com/kumparanoto/menikmati-alam-geopark-ciletuh-dengan-wuling-almaz-1552021476560854364,0.76,0.85,0.76,0.92,1
157,2019,kumparan,https://kumparan.com/sukabumi-update/bangkai-paus-dikubur-di-pesisir-pantai-geopark-ciletuh-1rLPpySg67d,0.76,0.85,0.85,0.92,1
158,2020,kumparan,https://kumparan.com/kumparantravel/eksotisme-bukit-panenjoan-spot-wisata-instagenic-di-geopark-ciletuh-1550795404674471642,0.78,0.96,0.78,0.92,1
159,2020,kumparan,https://kumparan.com/sukabumi-update/bksda-paus-mati-di-geopark-ciletuh-jenis-pilot-1rLkXSeEVyG,0.76,0.91,0.46,0.46,1
160,2019,kumparan,https://kumparan.com/sukabumi-update/geopark-ciletuh-ciemas-mulai-diserbu-pengunjung-luar-daerah-1rEJUbXL2Df,0.76,0.93,0.46,0.46,1
161,2019,kumparan,https://kumparan.com/kumparantravel/5-penginapan-dekat-geopark-ciletuh-yang-bikin-liburanmu-makin-seru-1553762313675723717,0.76,0.96,0.85,0.92,1
162,2020,kumparan,https://kumparan.com/sukabumi-update/bangkai-paus-terdampar-di-persisir-geopark-ciletuh-tak-jadi-dikubur-1rLMclqbogo,0.76,0.85,0.85,0.92,1
163,2019,kumparan,https://kumparan.com/sukabumi-update/puncak-darma-punya-spot-baru-buat-nikmati-panorama-geopark-ciletuh-1rokBxMW3tP,0.76,0.87,0.46,0.46,1
164,2019,kumparan,https://kumparan.com/sukabumi-update/objek-wisata-di-geopark-ciletuh-terancam-rusak-oleh-pengolahan-emas-1sBfNlbUWUY,0.78,0.87,0.46,0.46,1
165,2019,kumparan,https://kumparan.com/sukabumi-update/berwisata-di-geopark-ciletuh-ciemas-naik-perahu-bisa-snorkeling-juga-1rrnHhwzvSc,0.78,0.87,0.5,0.5,1
166,2020,kumparan,https://kumparan.com/ngopibareng/geopark-ciletuh-dapat-pengakuan-unesco-global-geopark,0.77,0.87,0.0,0.0,1
167,2019,kumparan,https://kumparan.com/kumparantravel/7-wisata-alam-di-kawasan-geopark-ciletuh-yang-menarik-untuk-dikunjungi-1550555588295463614,0.78,0.89,0.87,0.92,1
168,2019,kumparan,https://kumparan.com/sukabumi-update/kebakaran-lahan-kembali-terjadi-di-kawasan-geopark-ciletuh-ciemas-1rYulT4sJ2s,0.76,0.68,0.46,0.46,1
169,2020,kumparan,https://kumparan.com/sukabumi-update/mengenal-sorgum-bahan-baku-kuliner-khas-geopark-ciletuh-1tnQf0qIFiO,0.76,0.87,0.46,0.46,1
170,2020,kumparan,https://kumparan.com/sukabumi-update/geopark-ciletuh-ciemas-sukabumi-masih-tutup-tunggu-surat-edaran-1tXAWvQ47WA/full,0.85,0.71,0.89,0.92,1
171,2020,kumparan,https://kumparan.com/sukabumi-update/nikmati-panorama-teluk-ciletuh-sukabumi-dari-angkasa-cek-tarifnya-1sfI1pyl0jB/full,0.68,0.85,0.91,0.92,1
172,2020,kumparan,https://kumparan.com/sukabumi-update/libur-lebaran-warga-diminta-tidak-mengunjungi-kawasan-geopark-ciletuh-1tU0yGsGHeb/full,0.76,0.98,0.89,0.92,1
173,2020,kumparan,https://kumparan.com/kumparannews/banjir-dan-longsor-kepung-wilayah-di-sekitar-geopark-ciletuh-sukabumi-1sr9wUTpvKI/full,0.85,0.98,0.85,0.92,1
174,2020,kumparan,https://kumparan.com/sukabumi-update/sampah-di-geopark-ciletuh-palabuhanratu-capai-600-ton-saat-masa-libur-1sZ8Irp3AhJ/full,0.82,0.93,0.46,0.46,1
175,2020,kumparan,https://kumparan.com/sukabumi-update/geopark-ciletuh-dikepung-bencana-bupati-sukabumi-opd-harus-lebih-responsif-1srGDUFgPgk/full,0.85,0.67,0.94,0.99,1
176,2020,kumparan,https://kumparan.com/sukabumi-update/studio-alam-girimukti-spot-favorit-pre-wedding-di-geopark-ciletuh-1scc2nofAZv/full,0.76,0.87,0.5,0.5,1
177,2019,kumparan,https://kumparan.com/kumparantravel/pemkab-sukabumi-diminta-fokus-kembangkan-geopark-ciletuh-1sE5g72DOdC/full,0.85,0.98,0.87,0.92,1
178,2019,kumparan,https://kumparan.com/kumparanoto/menikmati-alam-geopark-ciletuh-dengan-wuling-almaz-1552021476560854364/full,0.76,0.85,0.76,0.92,1
179,2020,kumparan,https://kumparan.com/sukabumi-update/webinar-para-ahli-bahas-masa-depan-geopark-ciletuh-dan-status-unesco-1tTCMmwxM0N/full,0.77,0.84,0.92,0.93,1
180,2020,kumparan,https://kumparan.com/sukabumi-update/bksda-paus-mati-di-geopark-ciletuh-jenis-pilot-1rLkXSeEVyG/full,0.76,0.91,0.46,0.46,1
181,2019,kumparan,https://kumparan.com/sukabumi-update/geopark-ciletuh-ciemas-mulai-diserbu-pengunjung-luar-daerah-1rEJUbXL2Df/full,0.76,0.93,0.46,0.46,1
182,2019,kumparan,https://kumparan.com/sukabumi-update/bangkai-paus-dikubur-di-pesisir-pantai-geopark-ciletuh-1rLPpySg67d/full,0.76,0.85,0.85,0.92,1
183,2019,kumparan,https://kumparan.com/sukabumi-update/status-ugg-ciletuh-palabuhanratu-bisa-dicabut-karena-sampah-plastik-1rp9neWRSel/full,0.84,0.94,0.46,0.46,1
184,2019,kumparan,https://kumparan.com/sukabumi-update/bangkai-paus-ditemukan-terdampar-di-kawasan-pesisir-geoprak-ciletuh-1rL59NzdLuK/full,0.56,0.68,0.85,0.92,1
185,2019,kumparan,https://kumparan.com/sukabumi-update/paus-ditemukan-mati-di-pesisir-ciletuh-warga-sempat-terkena-jaring-1rL7BfNQ561,0.56,0.68,0.85,0.92,1
186,2018,kumparan,https://kumparan.com/bandungkiwari/ciletuh-palabuhanratu-resmi-dapat-sertifikat-unesco-1526765696374,0.66,0.96,0.81,0.92,1
187,2018,kumparan,https://kumparan.com/tigajam-darijakarta/geopark-ciletuh-sebagai-warisan-dunia-milik-indonesia-27431110790554837/full,0.76,1.0,0.89,0.92,1
188,2018,kumparan,https://kumparan.com/swaonline/geopark-ciletuh-palabuhanratu-penuhi-kriteria-taman-bumi-dunia-1540343716057010757/full,0.85,0.99,0.0,0.0,1
189,2018,kumparan,https://kumparan.com/kabarbisnis/geopark-ciletuh-destinasi-keren-liburan-akhir-tahun-1546195795642159156,0.76,0.93,0.0,0.0,1
190,2018,kumparan,https://kumparan.com/kumparantravel/tradisi-kasepuhan-ciptagelar-pesona-budaya-geopark-ciletuh-sukabumi/full,0.85,0.96,0.85,0.92,1
191,2018,kumparan,https://kumparan.com/sukabumi-update/wisatawan-membludak-jalur-geopark-ciletuh-macet/full,0.76,0.91,0.89,0.92,1
192,2018,kumparan,https://kumparan.com/sukabumi-update/keindahan-dua-pantai-perawan-di-geopark-ciletuh-palabuhanratu-27431110790535719/full,0.82,0.75,0.89,0.92,1
193,2018,kumparan,https://kumparan.com/sukabumi-update/pengembangan-geopark-ciletuh-palabuhanratu-jadi-bahasan-musrembangdes-di-surade/full,0.82,0.93,0.89,0.92,1
194,2018,kumparan,https://kumparan.com/swaonline/geopark-ciletuh-palabuhanratu-penuhi-kriteria-taman-bumi-dunia/full,0.85,0.99,0.0,0.2,1
195,2018,kumparan,https://kumparan.com/sukabumi-update/pembangunan-ruas-jalan-baru-di-geopark-ciletuh-palabuhanratu-dilanjutkan/full,0.82,0.98,0.89,0.92,1
196,2018,kumparan,https://kumparan.com/sukabumi-update/kapolda-jabar-kepincut-keindahan-geopark-nasional-ciletuh-palabuhanratu/full,0.86,0.96,0.89,0.92,1
197,2018,kumparan,https://kumparan.com/kumparantravel/4-fakta-geopark-ciletuh-situs-baru-unesco-global-geopark/full,0.77,0.99,0.89,0.93,1
198,2018,kumparan,https://kumparan.com/sukabumi-update/situ-muaratilu-destinasi-wisata-baru-di-geopark-ciletuh-palabuhanratu/full,0.85,0.94,0.46,0.46,1
199,2020,kumparan,https://kumparan.com/sukabumi-update/pesona-alami-dari-ketinggian-puncak-darma-geopark-nasional-ciletuh-palabuhanratu/full,0.82,0.91,0.5,0.5,1
200,2018,kumparan,https://kumparan.com/kabarbisnis/keren-200-seniman-akan-meriahkan-festival-geopark-ciletuh-2018-1539237886064324694,0.76,0.95,0.0,0.0,1
201,2018,kumparan,https://kumparan.com/kumparantravel/curug-cikanteh-satu-lagi-surga-di-dalam-geopark-ciletuh-27431110790558552/full,0.76,0.92,0.87,0.92,1
202,2018,kumparan,https://kumparan.com/sukabumi-update/hampir-sebulan-akses-jalan-geopark-yang-amblas-di-ciemas-kabupaten-sukabumi-tak-diperbai,0.64,0.91,0.46,0.46,1
203,2018,kumparan,https://kumparan.com/sukabumi-update/hujan-deras-longsor-terjang-akses-jalan-geopark-ciletuh-palabuhanratu,0.82,0.93,0.89,0.92,1
204,2018,kumparan,https://kumparan.com/bandungkiwari/heboh-puncak-aher-di-geopark-ciletuh-begini-penjelasan-gubernur-jabar,0.8,0.96,0.89,0.92,1
205,2018,kumparan,https://kumparan.com/sukabumi-update/tinggal-ketuk-palu-geopark-ciletuh-palabuhanratu-segera-dapat-pengakuan-unesco/full,0.84,0.92,0.46,0.46,1
206,2018,kumparan,https://kumparan.com/sukabumi-update/pelibatan-masyarakat-masih-kurang-ciletuh-geopark-festival-ke-4-tuai-kritik-1539422695119791035/full,0.76,0.86,0.39,0.39,1
207,2018,kumparan,https://kumparan.com/sukabumi-update/masuk-zona-inti-geopark-ciletuh-pemdes-ciwaru-sukabumi-genjot-sektor-wisata/full,0.87,0.87,0.89,0.92,1
208,2018,kumparan,https://kumparan.com/sukabumi-update/bukit-cinta-ciemas-spot-geo-climbing-di-geopark-ciletuh-palabuhanratu-1539396725685885404,0.82,0.93,0.39,0.39,1
209,2018,kumparan,https://kumparan.com/sukabumi-update/harap-sabar-pembangunan-infrastruktur-wilayah-inti-geopark-ciletuh-palabuhanratu-bertahap/full,0.82,0.94,0.46,0.46,1
210,2018,kumparan,https://kumparan.com/sukabumi-update/ciletuh-geopark-fertival-ke-4-pemprov-jabar-gelontorkan-dana-rp-600-juta-1539346919703841606/full,0.8,0.89,0.39,0.39,1
211,2018,kumparan,https://kumparan.com/sukabumi-update/menikmati-pemandangan-geopark-ciletuh-sambil-meneguk-es-kelapa-muda-di-panenjoan-1539503433419560950/full,0.76,0.85,0.39,0.39,1
212,2018,kumparan,https://kumparan.com/sukabumi-update/pesona-batu-batik-geosite-di-zona-inti-geopark-ciletuh-palabuhanratu-sukabumi/full,0.91,0.93,0.5,0.5,1
213,2018,kumparan,https://kumparan.com/sukabumi-update/kabar-gembira-satu-tahap-lagi-geopark-nasional-ciletuh-palabuhanratu-bakal-jadi-ugg/full,0.84,0.96,0.46,0.46,1
214,2018,kumparan,https://kumparan.com/sukabumi-update/tak-kuat-naik-tanjakan-truk-terguling-di-pinggir-jurang-geopark-ciletuh-palabuhanratu-1538034579434877481/full,0.82,0.94,0.39,0.39,1
215,2018,kumparan,https://kumparan.com/sukabumi-update/bunga-warna-warni-percantik-panorama-alam-bukit-cibuti-di-geopark-ciletuh-sukabumi-1533814983435186022/full,0.85,0.5,0.39,0.39,1
216,2018,kumparan,https://kumparan.com/sukabumi-update/hut-ke-73-ri-seribu-bendera-merah-putih-dipasang-di-zona-inti-geopark-ciletuh-1534502311723876851/full,0.76,0.91,0.39,0.39,1
217,2017,kumparan,https://kumparan.com/sukabumi-update/sosialisasi-geopark-nasional-ciletuh-palabuhanratu-kepada-insan-media-sukabumi/full,0.91,0.93,0.46,0.46,1
218,2017,kumparan,https://kumparan.com/sukabumi-update/presiden-jokowi-batal-hadir-ciletuh-geopark-festival-di-sukabumi-tetap-digelar/full,0.85,0.89,0.46,0.46,1
219,2017,kumparan,https://kumparan.com/kumparannews/deddy-mizwar-yakin-geopark-ciletuh-jadi-taman-bumi-dunia-versi-unesco,0.81,0.98,0.43,0.46,1
220,2017,kumparan,https://kumparan.com/sukabumi-update/lihat-ada-pemandangan-berbeda-di-jalanan-jelang-festival-geopark-ciletuh-palabuhanratu/full,0.82,0.91,0.46,0.46,1
221,2017,kumparan,https://kumparan.com/sukabumi-update/parade-angklung-jadi-pembuka-festival-seni-budaya-geopark-nasional-ciletuh/full,0.76,0.96,0.46,0.46,1
222,2017,kumparan,https://kumparan.com/sukabumi-update/presiden-jokowi-utus-menpar-hadiri-festival-geopark-ciletuh-palabuhanratu-kab-sukabumi/full,0.91,0.96,0.46,0.46,1
223,2017,kumparan,https://kumparan.com/sukabumi-update/puluhan-off-roader-jabar-bakal-lintasi-geopark-ciletuh-palabuanratu-kabupaten-sukabumi/full,0.94,0.96,0.46,0.46,1
224,2017,kumparan,https://kumparan.com/asep-rusli/puncak-tugu-geopark-ciletuh-palabuhanratu/full,0.82,0.96,0.0,0.0,1
225,2018,kumparan,https://kumparan.com/vlykosgrc-communitas/curugpanganten-kawasan-geoparkciletuh-exsotis-dan-indah/full,0.76,0.98,0.91,0.92,1
226,2019,liputan6,https://www.liputan6.com/news/read/4105355/geopark-ciletuh-izu-peninsula-geopark-jalin-kerjasama-tingkatkan-ekonomi-dan-pariwisata,0.76,0.91,0.8,0.98,1
227,2019,liputan6,https://www.liputan6.com/lifestyle/read/3954699/gaya-macho-ridwan-kamil-kendarai-motor-klasik-mewah-sambil-dipeluk-istri,0.0,0.94,0.76,0.99,1
228,2020,liputan6,https://www.liputan6.com/regional/read/4181120/dampak-banjir-dan-longsor-akses-ke-geopark-ciletuh-terganggu?source=search,0.76,0.98,0.64,0.84,1
229,2019,liputan6,https://www.liputan6.com/news/read/4105355/geopark-ciletuh-izu-peninsula-geopark-jalin-kerjasama-tingkatkan-ekonomi-dan-pariwisata?source=search,0.76,0.91,0.8,0.98,1
230,2018,liputan6,https://www.liputan6.com/lifestyle/read/3795375/geopark-ciletuh-pelabuhanratu-pesona-alam-indonesia-yang-wajib-dikunjungi?source=search,0.82,0.98,0.82,0.98,1
231,2018,liputan6,https://www.liputan6.com/regional/read/3730388/geopark-ciletuh-wisata-baru-terpopuler-yang-memancing-rasa-penasaran?source=search,0.78,0.99,0.87,0.99,1
232,2018,liputan6,https://www.liputan6.com/lifestyle/read/3667049/rekor-dunia-tercipta-di-pembukaan-festival-geopark-ciletuh-2018?source=search,0.76,0.92,0.0,0.55,1
233,2018,liputan6,https://www.liputan6.com/lifestyle/read/3666503/upacara-adat-syukur-bumi-awali-festival-geopark-ciletuh?source=search,0.77,0.96,0.0,0.0,1
234,2018,liputan6,https://www.liputan6.com/lifestyle/read/3624696/top-3-lifestyle-keindahan-curug-awang-di-geopark-ciletuh?source=search,0.76,0.86,0.0,0.0,1
235,2018,liputan6,https://www.liputan6.com/lifestyle/read/3623700/menyambangi-curug-awang-air-terjun-hits-di-geopark-ciletuh?source=search,0.76,0.88,0.76,0.99,1
236,2018,liputan6,https://www.liputan6.com/regional/read/3550022/tantangan-pertahankan-ciletuh-pelabuhanratu-sebagai-geopark-dunia?source=search,0.82,0.96,0.87,0.99,1
237,2018,liputan6,https://www.liputan6.com/lifestyle/read/3459804/geopark-ciletuh-resmi-bertitel-unesco-global-geopark?source=search,0.77,0.86,0.84,0.98,1
238,2018,liputan6,https://www.liputan6.com/regional/read/3458679/ciletuh-masuk-bagian-geopark-dunia-unesco?source=search,0.77,0.96,0.87,0.99,1
239,2018,liputan6,https://www.liputan6.com/bisnis/read/3326907/kembangkan-geopark-ciletuh-jabar-bakal-terbitkan-obligasi?source=search,0.8,0.9,0.8,0.98,1
240,2018,liputan6,https://www.liputan6.com/otomotif/read/3235253/jajal-akses-baru-geopark-ciletuh-rider-ini-terperosok-ke-jurang?source=search,0.76,0.94,0.68,0.92,1
241,2018,liputan6,https://www.liputan6.com/otomotif/read/3234224/perhatikan-hal-ini-sebelum-menjajal-akses-baru-geopark-ciletuh?source=search,0.76,0.89,0.76,0.98,1
242,2018,liputan6,https://www.liputan6.com/citizen6/read/3230594/geopark-ciletuh-segera-ditetapkan-menjadi-taman-dunia?source=search,0.77,0.89,0.76,0.98,1
243,2017,liputan6,https://www.liputan6.com/regional/read/3199668/longsor-kembali-terjang-akses-menuju-geopark-nasional-ciletuh?source=search,0.76,0.94,0.85,0.93,1
244,2017,liputan6,https://www.liputan6.com/citizen6/read/3189494/5-air-terjun-super-cantik-ada-di-satu-kawasan-geopark-ciletuh?source=search,0.76,0.93,0.76,0.98,1
245,2017,liputan6,https://www.liputan6.com/lifestyle/read/3128908/menpar-promosikan-geopark-ciletuh?source=search,0.76,0.98,0.76,0.98,1
246,2017,liputan6,https://www.liputan6.com/regional/read/3084992/kebakaran-hutan-lindung-tak-pengaruhi-penilaian-geopark-ciletuh?source=search,0.76,0.9,0.85,0.99,1
247,2017,liputan6,https://www.liputan6.com/regional/read/3083227/kebakaran-landa-hutan-lindung-geopark-ciletuh-terancam?source=search,0.76,0.94,0.85,0.99,1
248,2017,liputan6,https://www.liputan6.com/regional/read/3050393/bandara-dan-jalan-bakal-permudah-akses-menuju-geopark-ciletuh?source=search,0.76,0.98,0.87,0.99,1
249,2017,liputan6,https://www.liputan6.com/lifestyle/read/3042768/agustus-ini-status-geopark-ciletuh-akan-naik-level?source=search,0.76,0.98,0.76,0.99,1
250,2017,liputan6,https://www.liputan6.com/lifestyle/read/2866256/setahun-jadi-geopark-apa-kabar-ciletuh?source=search,0.76,0.86,0.82,0.98,1
251,2019,liputan6,https://www.liputan6.com/regional/read/4064770/pagi-yang-menawan-di-curug-awang,0.0,0.96,0.76,0.99,1
252,2019,liputan6,https://www.liputan6.com/news/read/3926187/antam-kembangkan-taman-buah-nusantara-di-bogor,0.16,0.66,0.0,0.0,0
253,2019,liputan6,https://www.liputan6.com/lifestyle/read/4073500/natuna-siap-ajukan-diri-jadi-unesco-global-geopark,0.54,0.57,0.57,0.96,0
254,2019,liputan6,https://www.liputan6.com/lifestyle/read/3913153/menteri-pariwisata-siap-daftarkan-2-geopark-lain-di-unesco,0.54,0.92,0.54,0.98,1
255,2019,liputan6,https://www.liputan6.com/news/read/4109459/bappenas-optimis-geopark-banyuwangi-masuk-unesco-global-geopark,0.54,0.54,0.0,0.28,0
256,2019,liputan6,https://www.liputan6.com/regional/read/3860964/selangkah-lagi-banyuwangi-bakal-jadi-geopark-dunia,0.51,0.61,0.59,0.59,0
257,2019,liputan6,https://www.liputan6.com/bisnis/read/4081183/persiapan-natuna-ajukan-diri-jadi-unesco-global-geopark,0.54,0.54,0.51,1.0,0
258,2019,liputan6,https://www.liputan6.com/health/read/4107073/bali-gravity-enduro-pacu-adrenalin-di-rock-garden-batur-unesco-global-geopark,0.54,0.56,0.0,0.0,0
259,2019,liputan6,https://www.liputan6.com/news/read/4011283/pengembangan-geopark-banyuwangi-didukung-penuh-bppt,0.51,0.54,0.51,0.98,0
260,2019,liputan6,https://www.liputan6.com/lifestyle/read/4015542/16-geosite-songsong-atraksi-danau-toba-berkelas-dunia,0.0,0.89,0.0,0.59,1
261,2019,liputan6,https://www.liputan6.com/regional/read/4017947/geopark-bukit-penyabung-dari-kampung-menuju-wisata-internasional,0.55,0.58,0.51,0.98,0
262,2019,liputan6,https://www.liputan6.com/news/read/4111798/kemenpar-gelar-fgd-penyusunan-master-plan-geopark-banyuwangi,0.51,0.57,0.0,0.28,0
263,2019,liputan6,https://www.liputan6.com/news/read/4036916/masyarakat-wajib-tahu-gerakan-sadar-wisata-dari-kemenpar,0.2,0.86,0.55,0.98,1
264,2016,liputan6,https://www.liputan6.com/regional/read/2484407/lansekap-cantik-penyegar-mata-di-geopark-ciletuh,0.76,0.92,0.85,0.99,1
265,2016,liputan6,https://www.liputan6.com/lifestyle/read/2678056/gubernur-aher-sodorkan-ciletuh-sebagai-destinasi-wisata-unggulan,0.59,0.92,0.76,0.99,1
266,2019,mediaindonesia,https://mediaindonesia.com/read/detail/235115-lipi-berencana-bangun-pltamh-di-kawasan-geopark-ciletuh,0.76,0.91,0.51,0.0,1
267,2019,mediaindonesia,https://mediaindonesia.com/read/detail/237541-bea-cukai-bogor-lirik-potensi-kabupaten-sukabumi,0.39,0.99,0.0,0.0,1
268,2019,mediaindonesia,https://mediaindonesia.com/read/detail/235432-masih-ada-penambangan-liar-bupati-bogor-mengaku-kecolongan,0.0,0.6,0.0,0.0,0
269,2019,mediaindonesia,https://mediaindonesia.com/read/detail/277393-pemprov-jabar-bentuk-tim-khusus-tangani-pencemaran-kali-bekasi,0.25,0.89,0.0,0.0,1
270,2019,mediaindonesia,https://mediaindonesia.com/read/detail/253594-bergerak-bersama-untuk-wisata,0.2,0.66,0.25,0.0,0
271,2018,mediaindonesia,https://mediaindonesia.com/read/detail/155412-geopark-ciletuh-dapat-pengakuan-unesco-global-geopark,0.77,0.96,0.16,0.0,1
272,2018,mediaindonesia,https://mediaindonesia.com/read/detail/138728-geopark-ciletuh-palabuhanratu-sukabumi-dipadati-wisatawan,0.91,0.98,0.0,0.0,1
273,2017,mediaindonesia,https://mediaindonesia.com/read/detail/134199-geopark-ciletuh-selangkah-lagi-jadi-unesco-global-geopark,0.77,0.96,0.0,0.0,1
274,2020,mediaindonesia,https://mediaindonesia.com/read/detail/291310-kawasan-geopark-ciletuh-palabuhanratu-sudah-bisa-dilintasi,0.82,0.96,0.0,0.0,1
275,2018,mediaindonesia,https://mediaindonesia.com/read/detail/153483-festival-hari-nelayan-dorong-penetapan-geopark-ciletuh,0.76,0.98,0.0,0.0,1
276,2017,mediaindonesia,https://mediaindonesia.com/read/detail/111972-ciletuh-palabuhanratu-menuju-global-park,0.64,0.96,0.0,0.0,1
277,2018,mediaindonesia,https://mediaindonesia.com/read/detail/190683-pemkab-sukabumi-terus-promosikan-obyek-wisata-geopark-ciletuh,0.87,0.98,0.0,0.0,1
278,2018,mediaindonesia,https://mediaindonesia.com/read/detail/164266-pemprov-jawa-barat-tata-geopark-ciletuh,0.8,0.98,0.0,0.0,1
279,2018,mediaindonesia,https://mediaindonesia.com/read/detail/199961-geopark-ciletuh-jadi-obyek-wisata-baru-terpopuler,0.78,0.99,0.0,0.0,1
280,2017,mediaindonesia,https://mediaindonesia.com/read/detail/96440-sukabumi-lengkapi-fasilitas-geopark-ciletuh,0.85,0.96,0.0,0.0,1
281,2017,mediaindonesia,https://mediaindonesia.com/read/detail/115837-unesco-nilai-geopark-ciletuh,0.77,0.96,0.0,0.0,1
282,2019,merdeka,https://www.merdeka.com/uang/pengembangan-infrastruktur-geopark-ciletuh-butuh-sentuhan-tangan-pemerintah-pusat.html,0.76,0.98,0.39,0.5,1
283,2019,merdeka,https://www.merdeka.com/peristiwa/amphitheatre-geopark-ciletuh-diakselerasi-rampung-sebelum-evaluasi-unesco.html,0.77,0.98,0.2,0.52,1
284,2015,merdeka,https://www.merdeka.com/gaya/jelajah-alam-dan-budaya-lewat-festival-geopark-ciletuh-2015.html,0.76,0.96,0.0,0.25,1
285,2018,merdeka,https://m.merdeka.com/bandung/komunitas/bio-farma-terima-apresiasi-dari-ggn-terkait-geopark-ciletuh-180116k.html,0.76,1.0,0.35,0.0,1
286,2018,merdeka,https://www.merdeka.com/gaya/4-objek-wisata-keren-yang-bisa-dikunjungi-di-geopark-ciletuh-palabuhanratu.html,0.85,0.94,0.43,0.5,1
287,2018,merdeka,https://www.merdeka.com/gaya/upacara-adat-syukur-bumi-awali-festival-geopark-ciletuh.html,0.77,0.96,0.39,0.5,1
288,2018,merdeka,https://www.merdeka.com/gaya/200-seniman-akan-meriahkan-festival-geopark-ciletuh-2018.html,0.76,0.95,0.39,0.5,1
289,2018,merdeka,https://www.merdeka.com/peristiwa/rekor-dunia-tercipta-di-pembukaan-festival-geopark-ciletuh-2018.html,0.76,0.92,0.39,0.46,1
290,2017,merdeka,https://www.merdeka.com/peristiwa/kembangkan-geopark-ciletuh-gubernur-aher-gandeng-bjb.html,0.76,0.92,0.25,0.5,1
291,2019,merdeka,https://www.merdeka.com/peristiwa/geopark-ciletuh-izu-peninsula-geopark-jalin-kerjasama.html,0.76,0.91,0.25,0.32,1
292,2017,merdeka,https://bandung.merdeka.com/halo-bandung/telkom-tandatangan-mou-bareng-pemprov-jabar-untuk-geopark-ciletuh-170228m.html,0.8,0.99,0.0,0.32,1
293,2017,merdeka,https://www.merdeka.com/peristiwa/pemprov-jabar-tingkatkan-kerja-sama-kembangkan-geopark-ciletuh.html,0.8,0.98,0.25,0.46,1
294,2018,merdeka,https://bandung.merdeka.com/komunitas/bio-farma-terima-apresiasi-dari-ggn-terkait-geopark-ciletuh-180116k.html,0.76,1.0,0.0,0.46,1
295,2017,merdeka,https://kemenpar.merdeka.com/berita/menpar-promosikan-geopark-ciletuh-via-amazing-geopark-adventure-tourism-1710151.html,0.76,0.98,0.0,0.0,1
296,2017,merdeka,https://www.merdeka.com/peristiwa/selangkah-lagi-ciletuh-jadi-geopark-dunia.html,0.76,0.99,0.2,0.32,1
297,2017,merdeka,https://kemenpar.merdeka.com/berita/status-geopark-ciletuh-jadi-unesco-global-geopark-ditentukan-agustus-170801u.html,0.77,0.98,0.0,0.0,1
298,2016,merdeka,https://kemenpar.merdeka.com/berita/6-titik-keindahan-geopark-ciletuh-yang-wajib-dikunjungi--160629x.html,0.76,0.8,0.0,0.0,1
299,2015,merdeka,https://www.merdeka.com/peristiwa/kawasan-ciletuh-dikukuhkan-sebagai-geopark-nasional.html,0.76,0.9,0.0,0.32,1
300,2016,merdeka,https://www.merdeka.com/peristiwa/geopark-nasional-ciletuh-ingin-disulap-menjadi-unesco-global-geopark.html,0.77,0.98,0.2,0.32,1
301,2019,okezone,https://lifestyle.okezone.com/read/2019/11/06/406/2126222/intip-liburan-wulan-guritno-ke-geopark-ciletuh-seksi-pakai-bikini-hitam?page=3,0.76,0.91,0.78,0.98,1
302,2016,okezone,https://economy.okezone.com/read/2016/11/28/470/1553053/pemerintah-siapkan-rp200-m-kembangkan-geopark-nasional-ciletuh,0.76,0.98,0.0,0.0,1
303,2016,okezone,https://lifestyle.okezone.com/read/2016/06/27/406/1426243/inilah-6-titik-geopark-ciletuh-yang-wajib-dijelajahi,0.76,0.9,0.56,0.0,1
304,2015,okezone,https://lifestyle.okezone.com/read/2015/12/23/406/1273299/taman-alam-ciletuh-ditargetkan-jadi-geopark-dunia,0.77,0.93,0.0,0.0,1
305,2014,okezone,https://news.okezone.com/read/2014/03/03/527/949277/surga-dunia-itu-bernama-geopark-ciletuh,0.76,0.92,0.0,0.0,1
306,2019,okezone,https://lifestyle.okezone.com/read/2019/06/13/406/2066187/promosikan-natuna-sebagai-kawasan-wisata-geopark-nasional-sail-to-natuna-pukau-wisman,0.55,0.6,0.55,0.8,0
307,2019,okezone,https://news.okezone.com/read/2019/03/26/1/2035018/kembangkan-taman-buah-nusantara-antam-tingkatkan-perekonomian-masyarakat-bogor,0.16,0.66,0.55,0.78,0
308,2019,okezone,https://news.okezone.com/read/2019/07/06/1/2075550/reydonnyzar-moenek-ajak-perantau-minang-kembangkan-geopark-silokek-sebagai-destinasi-wisata,0.55,0.62,0.51,0.51,0
309,2019,okezone,https://lifestyle.okezone.com/read/2019/10/04/406/2112912/keindahan-destinasi-wisata-di-indonesia-dipromosikan-lewat-apwi,0.2,0.55,0.2,0.3,0
310,2019,okezone,https://lifestyle.okezone.com/read/2019/09/23/406/2108396/adakan-minang-geopark-run-kemenpar-yakin-jumlah-wisatawan-naik-2-kali-lipat?page=3,0.51,0.81,0.0,0.2,1
311,2019,okezone,https://lifestyle.okezone.com/read/2019/05/07/406/2052635/kemenpar-dorong-taman-nasional-komodo-jadi-destinasi-wisata-kelas-dunia,0.25,0.32,0.16,0.3,0
312,2019,okezone,https://lifestyle.okezone.com/read/2019/02/09/406/2015652/yuk-intip-5-keindahan-pulau-belitung-yang-menakjubkan,0.0,0.57,0.2,0.57,0
313,2015,okezone,https://lifestyle.okezone.com/read/2015/12/22/406/1272681/ditetapkan-geopark-nasional-ciletuh-jadi-kawasan-wisata-seksi,0.78,0.95,0.0,0.0,1
314,2015,okezone,https://lifestyle.okezone.com/read/2015/12/22/406/1273103/pengunjung-geopark-ciletuh-dibatasi,0.76,0.84,0.0,0.0,1
315,2017,okezone,https://lifestyle.okezone.com/read/2017/01/04/406/1583320/dari-curug-hingga-pantai-ini-keindahan-yang-dapat-dieksplor-dari-geopark-ciletuh,0.76,0.92,0.0,0.0,1
316,2017,okezone,https://lifestyle.okezone.com/read/2017/06/12/406/1714026/backpacker-diary-menjamah-geopark-ciletuh-menikmati-keindahannya-yang-tiada-tara,0.76,0.94,0.78,0.99,1
317,2018,okezone,https://lifestyle.okezone.com/read/2018/04/18/406/1888337/keren-geopark-ciletuh-dapat-predikat-ugg-dari-unesco,0.77,0.87,0.8,0.99,1
318,2018,okezone,https://news.okezone.com/read/2018/06/25/525/1913900/video-diduga-penampakan-di-geopark-ciletuh-hebohkan-warganet,0.76,0.89,0.76,0.98,1
319,2018,okezone,https://news.okezone.com/read/2018/10/13/1/1963540/upacara-adat-syukur-bumi-awali-festival-geopark-ciletuh-2018,0.77,0.96,0.76,0.2,1
320,2018,okezone,https://lifestyle.okezone.com/read/2018/10/14/12/1963805/rekor-dunia-tercipta-di-pembukaan-festival-geopark-ciletuh-2018,0.76,0.92,0.76,0.2,1
321,2018,okezone,https://lifestyle.okezone.com/read/2018/12/08/406/1988435/bertualang-ke-geopark-ciletuh-tak-lengkap-tanpa-6-spot-ini,0.76,0.94,0.87,0.98,1
322,2020,okezone,https://lifestyle.okezone.com/read/2020/06/15/406/2230539/begini-strategi-pengelolaan-geopark-ciletuh-di-era-new-normal,0.76,0.92,0.76,0.98,1
323,2020,pikiranrakyat,https://www.pikiran-rakyat.com/jawa-barat/pr-01340718/geopark-ciletuh-palabuhanratu-jadi-kawasan-lindung-izin-belasan-penambang-bisa-dicabut,0.82,0.91,0.86,0.96,1
324,2020,pikiranrakyat,https://www.pikiran-rakyat.com/jawa-barat/pr-01337205/pungli-dan-harga-makanan-mahal-geopark-ciletuh-palabuhanratu-terancam-ditinggalkan-wisatawan,0.82,0.93,0.82,0.98,1
325,2020,pikiranrakyat,https://www.pikiran-rakyat.com/jawa-barat/pr-01331950/geopark-ciletuh-diharapkan-jadi-wisata-kelas-dunia-masalah-sampah-disoroti,0.78,0.93,0.89,0.98,1
326,2019,pikiranrakyat,https://www.pikiran-rakyat.com/advertorial/pr-01322627/geopark-ciletuh-izu-peninsula-geopark-jalin-kerjasama,0.76,0.91,0.57,0.98,1
327,2019,pikiranrakyat,https://www.pikiran-rakyat.com/jawa-barat/pr-01314844/rp-126-miliar-untuk-membangun-infrastruktur-geopark-ciletuh,0.76,0.98,0.82,0.98,1
328,2019,pikiranrakyat,https://www.pikiran-rakyat.com/jawa-barat/pr-01311721/puncak-julang-destinasi-wisata-alternatif-geopark-ciletuh-palabuhanratu,0.85,0.85,0.87,0.98,1
329,2018,pikiranrakyat,https://www.pikiran-rakyat.com/jawa-barat/pr-01303991/kini-indonesia-punya-15-geopark-ciletuh-palabuhanratu-paling-populer-433879,0.82,1.0,0.82,0.99,1
330,2018,pikiranrakyat,https://www.pikiran-rakyat.com/jawa-barat/pr-01303159/setelah-ciletuh-jabar-kembangkan-potensi-geopark-di-4-wilayah-lain-432833,0.8,0.98,0.57,0.98,1
331,2018,pikiranrakyat,https://www.pikiran-rakyat.com/jawa-barat/pr-01302203/tari-jipeng-pecahkan-rekor-di-festival-geopark-ciletuh-431552,0.76,0.99,0.76,0.98,1
332,2018,pikiranrakyat,https://www.pikiran-rakyat.com/jawa-barat/pr-01299835/iriawan-geopark-ciletuh-palabuhanratu-harus-jadi-perhatian-dunia-428209,0.82,0.96,0.8,0.98,1
333,2018,pikiranrakyat,https://www.pikiran-rakyat.com/jawa-barat/pr-01297821/aher-ajak-investor-jadi-bagian-mempercantik-geopark-dunia-ciletuh,0.76,0.96,0.86,0.98,1
334,2018,pikiranrakyat,https://www.pikiran-rakyat.com/jawa-barat/pr-01297300/ini-dia-penampakan-sertifikat-ugg-untuk-ciletuh-palabuanratu-424657,0.84,0.96,0.81,0.98,1
335,2018,pikiranrakyat,https://www.pikiran-rakyat.com/jawa-barat/pr-01296266/pemprov-jabar-genjot-infrastruktur-destinasi-wisata-dunia-geopark-ciletuh,0.82,0.96,0.86,0.98,1
336,2018,pikiranrakyat,https://www.pikiran-rakyat.com/jawa-barat/pr-01295981/unesco-resmi-akui-geopark-ciletuh-palabuhanratu-destinasi-wisata-dunia-422844,0.86,0.98,0.87,0.98,1
337,2018,pikiranrakyat,https://www.pikiran-rakyat.com/jawa-barat/pr-01292772/penebangan-pohon-secara-sporadis-ancam-keasrian-wisata-geopark-ciletuh-418500,0.78,0.96,0.85,0.98,1
338,2018,pikiranrakyat,https://www.pikiran-rakyat.com/bandung-raya/pr-01292414/bandara-baru-akan-dibangun-di-geopark-ciletuh-418005,0.76,0.9,0.85,0.98,1
339,2018,pikiranrakyat,https://www.pikiran-rakyat.com/jawa-barat/pr-01292326/longsor-timbun-jalan-lama-menuju-geopark-ciletuh-417897,0.76,0.87,0.76,0.98,1
340,2018,pikiranrakyat,https://www.pikiran-rakyat.com/ekonomi/pr-01292073/wiwiek-sisto-widayat-dan-sejumput-asa-bagi-tatar-priangan-417568,0.0,0.91,0.25,0.25,1
341,2018,pikiranrakyat,https://www.pikiran-rakyat.com/jawa-barat/pr-01291640/atraksi-pilot-paralayang-daya-tarik-liburan-tahun-baru-ke-geopark-ciletuh,0.76,0.92,0.85,0.98,1
342,2017,pikiranrakyat,https://www.pikiran-rakyat.com/jawa-barat/pr-01291402/sempat-rusak-dan-berlubang-jalur-sabuk-geopark-ciletuh-kini-mulus-416675,0.76,0.96,0.8,0.98,1
343,2017,pikiranrakyat,https://www.pikiran-rakyat.com/jawa-barat/pr-01290247/jelang-kedatangan-joko-widodo-sejumlah-sarana-geopark-ciletuh-palabuhanratu,0.82,0.94,0.91,0.98,1
344,2019,pikiranrakyat,https://www.pikiran-rakyat.com/jawa-barat/pr-01322636/kembangkan-geopark-sukabumi-jalin-kerja-sama-dengan-jepang?page=2,0.64,0.51,0.85,0.98,1
345,2019,pikiranrakyat,https://www.pikiran-rakyat.com/jawa-barat/pr-01327053/gunung-galunggung-tasikmalaya-diwacanakan-jadi-geopark-jangan-abaikan-mitigasi?page=2,0.51,0.3,0.55,1.0,0
346,2019,pikiranrakyat,https://www.pikiran-rakyat.com/bandung-raya/pr-01326924/sesar-lembang-layak-jadi-geopark-yang-mengedepankan-pengurangan-risiko-bencana,0.51,0.58,0.54,0.99,0
347,2019,pikiranrakyat,https://www.pikiran-rakyat.com/jawa-barat/pr-01325782/guna-meningkatkan-perekonomian-di-tasikmalaya-geopark-galunggung-siap-ditetapkan-oktober-2020,0.51,0.55,0.51,0.99,0
348,2020,pikiranrakyat,https://www.pikiran-rakyat.com/jawa-barat/pr-01388651/wisatawan-terobos-jalan-tikus-demi-masuk-geopark-ciletuh-di-tengah-pandemi-covid-19,0.76,0.96,0.91,0.99,1
349,2016,pikiranrakyat,https://www.pikiran-rakyat.com/bandung-raya/pr-01258505/geopark-ciletuh-palabuhan-ratu-disiapkan-jadi-unesco-global-geopark-372569,0.84,0.87,0.84,0.98,1
350,2016,pikiranrakyat,https://www.pikiran-rakyat.com/jawa-barat/pr-01258843/inilah-6-titik-geopark-ciletuh-yang-wajib-dijelajahi-373019,0.76,0.87,0.76,0.0,1
351,2016,pikiranrakyat,https://www.pikiran-rakyat.com/bandung-raya/pr-01262486/geopark-ciletuh-juga-miliki-keragaman-budaya-377844,0.76,0.91,0.89,0.96,1
352,2016,pikiranrakyat,https://www.pikiran-rakyat.com/jawa-barat/pr-01263260/menikmati-keindahan-geopark-ciletuh-secara-eceran-378911,0.76,0.87,0.93,0.98,1
353,2016,pikiranrakyat,https://www.pikiran-rakyat.com/jawa-barat/pr-01263051/cara-berwisata-ke-geopark-ciletuh-378620,0.78,0.91,0.93,0.99,1
354,2016,pikiranrakyat,https://www.pikiran-rakyat.com/jawa-barat/pr-01263345/puncak-darma-nan-kirana-di-geopark-ciletuh-379038,0.76,0.91,0.87,0.98,1
355,2016,pikiranrakyat,https://www.pikiran-rakyat.com/jawa-barat/pr-01263346/geopark-ciletuh-perawan-yang-memantaskan-diri-379039,0.76,0.99,0.94,0.98,1
356,2016,pikiranrakyat,https://www.pikiran-rakyat.com/jawa-barat/pr-01264563/potensi-geopark-ciletuh-palabuhanratu-dibahas-di-konferensi-unesco-380677,0.84,0.98,0.92,0.98,1
357,2017,pikiranrakyat,https://www.pikiran-rakyat.com/jawa-barat/pr-01271195/pemprov-jabar-akan-bangun-jalan-baru-menuju-geopark-ciletuh-389437,0.8,0.98,0.89,0.98,1
358,2017,pikiranrakyat,https://www.pikiran-rakyat.com/jawa-barat/pr-01272363/april-2017-kesiapan-geopark-ciletuh-akan-diverifikasi-390968,0.76,0.98,0.87,0.98,1
359,2017,pikiranrakyat,https://www.pikiran-rakyat.com/jawa-barat/pr-01272382/persiapan-geopark-ciletuh-jelang-verifikasi-rampung-maret-390989,0.76,0.96,0.87,0.98,1
360,2017,pikiranrakyat,https://www.pikiran-rakyat.com/jawa-barat/pr-01273788/geopark-ciletuh-wakil-tunggal-indonesia-untuk-unesco-global-geopark-392802,0.77,0.87,0.9,0.98,1
361,2017,pikiranrakyat,https://www.pikiran-rakyat.com/ekonomi/pr-01274883/bjb-akan-beri-layanan-perbankan-di-geopark-ciletuh-394235,0.76,0.92,0.89,0.98,1
362,2017,pikiranrakyat,https://www.pikiran-rakyat.com/bandung-raya/pr-01275233/geopark-ciletuh-palabuhanratu-gandeng-delapan-pihak-394688,0.82,0.98,0.8,0.98,1
363,2017,pikiranrakyat,https://www.pikiran-rakyat.com/ekonomi/pr-01275296/telkom-akan-kembangkan-fastel-geopark-ciletuh-394781,0.76,0.99,0.61,0.98,1
364,2017,pikiranrakyat,https://www.pikiran-rakyat.com/jawa-barat/pr-01278274/bio-farma-dan-pemkot-sukabumi-sosialisasikan-konsep-edukasi-pengembangan,0.39,0.92,0.76,0.98,1
365,2017,pikiranrakyat,https://www.pikiran-rakyat.com/jawa-barat/pr-01279474/dukung-geopark-ciletuh-ratusan-pedagang-bongkar-lapak-di-palangpang-400288,0.76,0.89,0.9,0.98,1
366,2017,pikiranrakyat,https://www.pikiran-rakyat.com/gaya-hidup/pr-01280006/paramitha-rusady-ditunjuk-jadi-duta-geopark-ciletuh-palabuhanratu-401014,0.82,1.0,0.8,0.98,1
367,2017,pikiranrakyat,https://www.pikiran-rakyat.com/jawa-barat/pr-01282981/demi-kelayakan-geopark-ciletuh-palabuhanratu-seratus-lebih-pkl-ditertibkan,0.82,0.94,0.82,0.98,1
368,2017,pikiranrakyat,https://www.pikiran-rakyat.com/wisata/pr-01283918/status-geopark-ciletuh-jadi-unesco-global-geopark-ditentukan-awal-agustus-406452,0.77,0.98,0.84,0.99,1
369,2017,pikiranrakyat,https://www.pikiran-rakyat.com/jawa-barat/pr-01284036/unesco-lakukan-penilaian-kawasan-geopark-ciletuh-palabuhanratu-406602,0.84,0.99,0.96,0.98,1
370,2017,pikiranrakyat,https://www.pikiran-rakyat.com/jawa-barat/pr-01284125/jika-geopark-ciletuh-sudah-ugg-investor-siap-bangun-bandara-di-sukabumi-406735,0.87,0.98,0.85,0.98,1
371,2017,pikiranrakyat,https://www.pikiran-rakyat.com/jawa-barat/pr-01284143/selangkah-lagi-ciletuh-jadi-geopark-dunia-406758,0.76,0.98,0.87,0.98,1
372,2017,pikiranrakyat,https://www.pikiran-rakyat.com/jawa-barat/pr-01284217/geopark-ciletuh-palabuhanratu-lir-kembang-desa-menanti-pinangan-406863,0.82,0.96,0.87,0.98,1
373,2017,pikiranrakyat,https://www.pikiran-rakyat.com/jawa-barat/pr-01284369/warga-pesimistis-geopark-ciletuh-direkomendasikan-unesco-407098,0.77,0.94,0.85,0.99,1
374,2017,pikiranrakyat,https://www.pikiran-rakyat.com/jawa-barat/pr-01285301/ini-lokasi-memotret-matahari-terbit-dan-tenggelam-favorit-di-geopark-ciletuh,0.76,0.99,0.85,0.99,1
375,2017,pikiranrakyat,https://www.pikiran-rakyat.com/jawa-barat/pr-01285416/bukit-panenjoan-salah-satu-sudut-terbaik-geopark-ciletuh-408559,0.76,0.94,0.82,0.98,1
376,2017,pikiranrakyat,https://www.pikiran-rakyat.com/internasional/pr-01286264/unesco-segera-umumkan-status-geopark-ciletuh-409754,0.77,0.9,0.84,0.98,1
377,2017,pikiranrakyat,https://www.pikiran-rakyat.com/wisata/pr-01287562/promosi-geopark-ciletuh-lewat-amazing-geopark-adventure-tourism-411549,0.76,0.92,0.91,0.98,1
378,2017,pikiranrakyat,https://www.pikiran-rakyat.com/bandung-raya/pr-01287874/geopark-ciletuh-dan-bandara-kertajati-diminati-investor-prancis-411947,0.76,0.8,0.8,0.98,1
379,2018,pikiranrakyat,https://www.pikiran-rakyat.com/jawa-barat/pr-01303767/geopark-ciletuh-jadi-objek-wisata-baru-terpopuler-433632,0.78,0.96,0.85,0.98,1
380,2019,radarsukabumi,https://radarsukabumi.com/kabupaten-sukabumi/jamkrindo-hijaukan-geopark-ciletuh/,0.85,0.98,0.82,0.98,1
381,2019,radarsukabumi,https://radarsukabumi.com/kabupaten-sukabumi/pemkab-sukabumi/geoprak-ciletuh-berkembang-10-anak-dibawah-umur-hamil-diluar-nikah/,0.68,0.93,0.91,0.98,1
382,2019,radarsukabumi,https://radarsukabumi.com/jawa-barat/dprd-jabar/lina-pemprov-jabar-tak-serius-kembangkan-geopark-ciletuh/,0.8,0.91,0.86,0.98,1
383,2019,radarsukabumi,https://radarsukabumi.com/berita-utama/geopark-ciletuh-dan-jembatan-gantung-situgunung-jadi-wisata-unggulan-jabar/,0.82,0.96,0.82,0.98,1
384,2019,radarsukabumi,https://radarsukabumi.com/kabupaten-sukabumi/pemkab-sukabumi/korpri-gelar-seminar-optimalisasi-kawasan-geopark-ciletuh-palabuhanratu-digelar/,0.91,0.94,0.91,0.98,1
385,2019,radarsukabumi,https://radarsukabumi.com/kabupaten-sukabumi/pemkab-sukabumi/masterplan-geopark-ciletuh-palabuhanratu-disempurnakan/,0.91,0.92,0.84,0.98,1
386,2019,radarsukabumi,https://radarsukabumi.com/kabupaten-sukabumi/pemkab-sukabumi/pengembangan-geopark-ciletuh-butuh-dukungan-bersama/,0.85,0.91,0.84,0.98,1
387,2019,radarsukabumi,https://radarsukabumi.com/berita-utama/bocah-asal-ciemas-tewas-tenggelam-di-geopark-ciletuh-palabuhanratu/,0.82,0.93,0.82,0.98,1
388,2019,radarsukabumi,https://radarsukabumi.com/berita-utama/polisi-selidiki-penyebab-kebakaran/,0.0,0.85,0.91,0.98,1
389,2019,radarsukabumi,https://radarsukabumi.com/berita-utama/kawasan-karst-geopark-ciletuh-terancam-hancur-ditamban/,0.76,0.96,0.91,0.98,1
390,2019,radarsukabumi,https://radarsukabumi.com/kabupaten-sukabumi/pemkab-sukabumi/borderline-ekonimic-summit-bahas-twin-geopark-pongkor-ciletuh/,0.85,0.89,0.85,0.93,1
391,2019,radarsukabumi,https://radarsukabumi.com/kabupaten-sukabumi/cpuggp-go-internasional-jalin-kesepahaman-dengan-jepang/,0.77,1.0,0.84,0.98,1
392,2019,radarsukabumi,https://radarsukabumi.com/berita-utama/sekda-curhat-soal-geopark/,0.51,0.98,0.76,0.91,1
393,2019,radarsukabumi,https://radarsukabumi.com/berita-utama/status-ugg-ciletuh-terancam-dicabut/,0.77,0.98,0.84,0.94,1
394,2019,radarsukabumi,https://radarsukabumi.com/kabupaten-sukabumi/pemkab-sukabumi/geopark-ciletuh-masuk-top-100-woderful-event-kementrian-pariwisata/,0.85,0.96,0.87,0.93,1
395,2019,radarsukabumi,https://radarsukabumi.com/berita-utama/geopark-ciletuh-palabuhanratu-dibangun-aher-diabaikan-emil/,0.82,0.98,0.84,0.94,1
396,2019,radarsukabumi,https://radarsukabumi.com/berita-utama/geopark-dukung-green-province-2025/,0.51,0.96,0.82,0.94,1
397,2019,radarsukabumi,https://radarsukabumi.com/berita-utama/sdm-dan-infrastruktur-jadi-prioritas-konsep-wisata-geopark-ciletuh-palabuhanratu/,0.85,0.96,0.43,0.43,1
398,2019,radarsukabumi,https://radarsukabumi.com/kabupaten-sukabumi/infrastruktur/potensi-kabupaten-sukabumi-dilirik-bea-cukai-bogor/,0.39,0.99,0.39,0.56,1
399,2019,radarsukabumi,https://radarsukabumi.com/berita-utama/jembatan-gantung-situ-gunung-pengelola-untung-pemkab-buntung/,0.0,0.97,0.39,0.96,1
400,2019,radarsukabumi,https://radarsukabumi.com/kabupaten-sukabumi/objek-wisata-dibalik-geopark/,0.67,0.93,0.84,0.94,1
401,2019,radarsukabumi,https://radarsukabumi.com/jawa-barat/geopark-rajamandala-butuh-uang-pemprov/,0.51,0.93,0.57,0.69,1
402,2019,radarsukabumi,https://radarsukabumi.com/berita-utama/pemprov-kepincut-wisata-hanjeli/2/,0.2,0.6,0.5,0.5,0
403,2019,radarsukabumi,https://radarsukabumi.com/berita-utama/habiskan-rp500-m-hasil-baru-rp386-juta/,0.0,0.99,0.84,0.94,1
404,2020,radarsukabumi,https://radarsukabumi.com/berita-utama/status-geopark-ciletuh-bisa-tamat-di-2022/,0.76,0.92,0.84,0.98,1
405,2020,radarsukabumi,https://radarsukabumi.com/kabupaten-sukabumi/hapunten-dilarang-berwisata-ke-geopark-ciletuh-sukabumi/,0.87,0.98,0.85,0.91,1
406,2020,radarsukabumi,https://radarsukabumi.com/kabupaten-sukabumi/hati-hati-jalur-geopark-ciletuh-rawan-longsor/,0.85,0.96,0.91,0.94,1
407,2020,radarsukabumi,https://radarsukabumi.com/berita-utama/ada-longsor-wisatawan-geopark-ciletuh-sukabumi-terpaksa-menginap/,0.85,0.93,0.91,0.98,1
408,2018,radarsukabumi,https://radarsukabumi.com/kabupaten-sukabumi/pemkab-sukabumi/para-ranger-geopark-ciletuh-sukabumi-pun-semringah/,0.85,0.99,0.91,0.98,1
409,2018,radarsukabumi,https://radarsukabumi.com/kabupaten-sukabumi/kawasan-geopark-ciletuh-terus-dimaksimalkan/,0.85,0.94,0.82,0.98,1
410,2018,radarsukabumi,https://radarsukabumi.com/berita-utama/200-seniman-akan-meriahkan-festival-geopark-ciletuh-2018/,0.76,0.95,0.94,0.98,1
411,2018,radarsukabumi,https://radarsukabumi.com/featured/peristiwa-tragis-dibalik-nama-tanjakan-dini-geopark-ciletuh-palabuhanratu/,0.82,0.93,0.82,0.98,1
412,2018,radarsukabumi,https://radarsukabumi.com/pendidikan/kenalkan-geopark-ciletuh-di-thailand-mahasiswi-stisip-wpm-kalahkan-ribuan-peserta/,0.76,0.89,0.39,0.39,1
413,2018,radarsukabumi,https://radarsukabumi.com/berita-utama/seram-video-penampakan-di-geopark-ciletuh-palabuhanratu-sukabumi/,0.91,0.85,0.84,0.94,1
414,2018,radarsukabumi,https://radarsukabumi.com/berita-utama/sah-sertifikat-geopark-ciletuh-resmi-diterbitkan/,0.76,0.96,0.84,0.94,1
415,2018,radarsukabumi,https://radarsukabumi.com/berita-utama/april-nasib-geopark-ciletuh-ditentukan-prancis/,0.76,0.98,0.0,0.0,1
416,2018,radarsukabumi,https://radarsukabumi.com/berita-utama/hyundai-ajak-tci-gathering-menyusuri-indahnya-geopark-ciletuh/,0.76,0.87,0.0,0.0,1
417,2018,radarsukabumi,https://radarsukabumi.com/berita-utama/pemasangan-tiang-pju-di-curug-sodong-geopark-ciletuh-palabuhanratu-diprotes/,0.82,0.96,0.0,0.0,1
418,2017,radarsukabumi,https://radarsukabumi.com/berita-utama/akhir-tahun-ke-geopark-ciletuh-palabuhanratu-aja-ada-festival-paralayang-lho/,0.82,0.92,0.0,0.0,1
419,2017,radarsukabumi,https://radarsukabumi.com/kabupaten-sukabumi/promosi-geopark-ciletuh-digeber/,0.85,0.93,0.0,0.0,1
420,2017,radarsukabumi,https://radarsukabumi.com/berita-utama/penyuluh-agama-kemenag-bisa-ikut-promosikan-geopark-ciletuh-palabuhanratu/,0.82,0.94,0.0,0.0,1
421,2017,radarsukabumi,https://radarsukabumi.com/berita-utama/geopark-ciletuh-palabuhanratu-akan-jadi-destinasi-kelas-dunia/,0.82,0.94,0.0,0.0,1
422,2017,radarsukabumi,https://radarsukabumi.com/berita-utama/menpar-dukung-geopark-ciletuh-bertaraf-internasional/,0.76,0.94,0.0,0.0,1
423,2018,radarsukabumi,https://radarsukabumi.com/kabupaten-sukabumi/pemkab-sukabumi/ciletuh-palabuhanratu-unesco-global-geopark-ditetapkan/,0.92,0.94,0.84,0.94,1
424,2020,radarsukabumi,https://radarsukabumi.com/berita-utama/pemkab-sukabumi-ambisi-pertahankan-ciletuh-palabuhanratu-ugg-2021/,0.92,0.98,0.84,0.94,1
425,2020,radarsukabumi,https://radarsukabumi.com/berita-utama/tambang-emas-kawasan-geopark-jangan-dirusak/,0.51,0.96,0.92,0.98,1
426,2020,radarsukabumi,https://radarsukabumi.com/kabupaten-sukabumi/longsor-sukabumi-jalan-geopark-sempat-tertutup/,0.64,0.91,0.91,0.98,1
427,2019,radarsukabumi,https://radarsukabumi.com/kabupaten-sukabumi/kawasan-geopark-kembali-terbakar-2/,0.64,0.94,0.0,0.0,1
428,2019,radarsukabumi,https://radarsukabumi.com/kabupaten-sukabumi/latih-warga-geoprak-ciletuh-berbisnis-alfamart-gandeng-ui/,0.68,0.93,0.82,0.94,1
429,2017,radarsukabumi,https://radarsukabumi.com/berita-utama/dorong-presiden-ke-ciletuh/,0.56,0.98,0.0,0.0,1
430,2019,republika,https://republika.co.id/berita/q2ldjb368/perum-jamkrindo-tanam-ratusan-pohon-di-geopark-ciletuh,0.76,0.98,0.76,0.99,1
431,2019,republika,https://republika.co.id/berita/q1xz2f423/pemkab-sukabumi-godog-ltemgtmasterplanltemgt-kembangkan-geopark-ciletuh,0.85,0.92,0.85,0.99,1
432,2019,republika,https://republika.co.id/berita/q1gtcu383/sukabumi-ingin-jadikan-cgf-event-skala-internasional,0.39,0.96,0.85,0.99,1
433,2019,republika,https://republika.co.id/berita/q0kncn313/geopark-ciletuh-kerja-sama-dengan-geopark-di-jepang,0.76,1.0,0.76,0.0,1
434,2019,republika,https://republika.co.id/berita/q0kh2m428/ui-kembangkan-pusat-taman-botani-di-sukabumi,0.42,0.98,0.92,1.0,1
435,2019,republika,https://republika.co.id/berita/pv1tje216/rolexplore-bermain-di-ciletuh-2selesai,0.56,0.82,0.89,1.0,1
436,2019,republika,https://republika.co.id/berita/puzf8i423/pemprov-jabar-komitmen-kembangkan-geopark-ciletuh,0.8,0.98,0.81,0.99,1
437,2019,republika,https://republika.co.id/berita/ppqky8335/pemprov-jabar-akan-bentuk-unit-khusus-geopark-ciletuh,0.8,0.89,0.91,0.99,1
438,2019,republika,https://republika.co.id/berita/ppq2tg328/ekonomi-warga-geopark-ciletuh-sukabumi-terus-menggeliat,0.85,0.94,0.78,0.99,1
439,2019,republika,https://republika.co.id/berita/pxx9it284/sukabumi-bangun-pelabuhan-hubungkan-ke-kawasan-emgeoparkem,0.39,0.96,0.64,0.93,1
440,2019,republika,https://republika.co.id/berita/puitbp216/rolexplore-bermain-di-ciletuh-1,0.56,0.91,0.89,1.0,1
441,2019,republika,https://republika.co.id/berita/po594j438/geopark-dan-jembatan-gantung-sukabumi-jadi-magnet-wisatawan,0.64,0.96,0.67,0.99,1
442,2019,republika,https://republika.co.id/berita/pz0ftp335/vokasi-ui-berdayakan-warga-di-geopark-pongkor,0.51,0.64,0.51,0.59,0
443,2019,republika,https://republika.co.id/berita/plsg52330/dpr-apresiasi-bupati-bogor-dalam-optimalisasi-pariwisata,0.0,0.54,0.51,0.61,0
444,2019,republika,https://republika.co.id/berita/q39ke6428/danau-toba-dianggap-telah-penuhi-empat-pilar-geopark,0.51,0.57,0.54,1.0,0
445,2019,republika,https://republika.co.id/berita/q1j6tl284/natuna-akhir-2019-diusulkan-jadi-situs-geopark-unesco,0.54,0.61,0.54,0.0,0
446,2019,republika,https://republika.co.id/berita/pv1vl9284/permintaan-sultan-soal-pengelolaan-geopark-gunung-sewu,0.51,0.62,0.51,0.0,0
447,2019,republika,https://republika.co.id/berita/po78yq459/geowisata-jadi-sarana-edukasi-bencana,0.0,0.61,0.51,0.95,0
448,2019,republika,https://www.republika.co.id/berita/nasional/daerah/19/10/18/pzkf2j384-galunggung-akan-diusulkan-jadi-geopark-internasional,0.51,0.64,0.57,0.95,0
449,2019,republika,https://republika.co.id/berita/pzv4t4366/danau-singkarak-bertambah-luas-setiap-tahun,0.0,0.59,0.51,0.93,0
450,2019,republika,https://republika.co.id/berita/pxxdga368/jabar-minta-kbb-inventarisasi-lahan-karst-citatah,0.25,0.6,0.51,0.9,0
451,2019,republika,https://republika.co.id/berita/pt1las368/sail-to-natuna-promosikan-kawasan-geopark-nasional,0.51,0.6,0.51,0.9,0
452,2019,republika,https://nasional.republika.co.id/berita/q1j6tl284/natuna-akhir-2019-diusulkan-jadi-situs-geopark-unesco,0.54,0.61,0.54,0.9,0
453,2019,republika,https://www.republika.co.id/berita/pwrye4428/pengembangan-geopark-butuh-bantuan-pemerintah-pusat,0.51,0.96,0.93,0.9,1
454,2019,republika,https://republika.co.id/berita/poig9c383/pemkab-pangandaran-rintis-emgeoparkem,0.0,0.84,0.76,0.81,1
455,2019,republika,https://www.republika.co.id/berita/pw5jgq382/nasional/umum/19/07/31/pvi6g8335-jokowi-dorong-taman-bumi-kaldera-toba-diakui-unesco,0.27,0.84,0.27,0.81,1
456,2019,republika,https://republika.co.id/berita/pvf4m8368/unesco-puas-dengan-pengelolaan-geopark-gunung-sewu,0.54,0.54,0.54,0.9,0
457,2019,republika,https://republika.co.id/berita/pqjy2c414/geopark-nasional-silokek-perkaya-destinasi-wisata-sumbar,0.55,0.62,0.57,0.57,0
458,2019,republika,https://republika.co.id/berita/pqhtww423/nasional/daerah/19/04/24/pqgm2w423-geopark-sumbar-diharapkan-mampu-membangun-ekonomi-warga,0.51,0.66,0.54,0.59,0
459,2020,republika,https://republika.co.id/berita/qaw3nw457/petugas-gagalkan-wisatawan-ke-geopark-ciletuh,0.76,0.93,0.76,0.99,1
460,2020,republika,https://republika.co.id/berita/qavgiw380/geopark-ciletuh-masih-didatangi-pengunjung,0.76,0.93,0.71,0.99,1
461,2020,republika,https://republika.co.id/berita/qauecw349/geopark-ciletuh-ditargetkan-pertahankan-pengakuan-unesco,0.77,0.92,0.77,0.99,1
462,2020,republika,https://republika.co.id/berita/q5w6sy382/longsor-susulan-landa-sekitar-geopark-ciletuh-sukabumi,0.85,0.9,0.76,0.0,1
463,2020,republika,https://republika.co.id/berita/q5tu62335/akses-ke-geopark-ciletuh-tertutup-material-banjir,0.76,0.93,0.85,0.99,1
464,2020,republika,https://republika.co.id/berita/q4lcbh368/pengurangan-plastik-di-geopark-ciletuh-digencarkan,0.76,0.98,0.85,0.99,1
465,2020,republika,https://republika.co.id/berita/q4jvf4368/pengelola-siapkan-8-rencana-benahi-geopark-ciletuh,0.76,0.97,0.85,0.99,1
466,2019,republika,https://republika.co.id/berita/pwrye4428/pengembangan-geopark-butuh-bantuan-pemerintah-pusat,0.51,0.96,0.93,0.99,1
467,2018,republika,https://republika.co.id/berita/piowcm335/geopark-ciletuh-jadi-objek-wisata-baru-terpopuler,0.78,0.98,0.91,0.99,1
468,2018,republika,https://republika.co.id/berita/pibel2414/bubur-ayam-ummi-menu-sarapan-sebelum-ke-geopark-ciletuh,0.76,0.96,0.76,0.99,1
469,2018,republika,https://republika.co.id/berita/pgo8bz423/bpjs-ketenagakerjaan-jamin-pekerja-pengelola-geopark-ciletuh,0.76,0.99,0.76,0.99,1
470,2018,republika,https://republika.co.id/berita/pgfgbe430/pemprov-masih-jadi-penyelenggara-festival-geopark-ciletuh,0.76,0.96,0.8,0.99,1
471,2018,republika,https://republika.co.id/berita/pb6w1q366/300-ribu-wisatawan-padati-geopark-ciletuh,0.76,0.96,0.85,0.99,1
472,2018,republika,https://republika.co.id/berita/pahpy3430/akses-jalan-ke-geopark-ciletuhpalabuhanratu-sukabumi-macet,0.64,0.94,0.82,0.99,1
473,2018,republika,https://republika.co.id/berita/pag7d2366/pemotor-terjatuh-akibat-kerikil-di-jalan-geopark-ciletuh,0.76,0.93,0.76,0.0,1
474,2018,republika,https://republika.co.id/berita/p7h33b359/ciletuh-palabuhanratu-geopark-dunia-pertama-di-jabar,0.86,0.96,0.89,0.99,1
475,2018,republika,https://republika.co.id/berita/p7go4t359/keragaman-geopark-ciletuh-palabuhanratu-yang-diakui-dunia,0.82,0.99,0.89,0.99,1
476,2018,republika,https://republika.co.id/berita/p7a9gh382/penataan-kawasan-geopark-ciletuh-butuh-rp-1-triliun,0.76,0.96,0.76,0.0,1
477,2018,republika,https://republika.co.id/berita/p7a28f384/aher-kaget-ada-puncak-aher-di-geopark-ciletuh,0.76,0.98,0.77,0.99,1
478,2018,republika,https://republika.co.id/berita/p79w07284/geopark-ciletuh-paling-cepat-diakui-unesco,0.77,0.98,0.8,0.0,1
479,2018,republika,https://republika.co.id/berita/p79rxr414/ciletuh-officially-declared-as-unesco-global-geopark,0.77,0.92,0.84,0.86,1
480,2018,republika,https://republika.co.id/berita/p78h4h384/aher-minimal-rp-1-triliun-apbn-untuk-geopark-ciletuh,0.76,0.96,0.77,0.99,1
481,2018,republika,https://republika.co.id/berita/p78hf3384/atraksi-paralayang-warnai-penetapan-ciletuh-geopark-dunia,0.76,0.98,0.77,0.99,1
482,2018,republika,https://republika.co.id/berita/p77xva313/geopark-ciletuh-palabuhanratu-diakui-unesco,0.84,0.98,0.77,0.99,1
483,2018,republika,https://republika.co.id/berita/p77n4w359/geopark-ciletuh-sukabumi-resmi-diakui-unesco,0.87,0.96,0.77,0.99,1
484,2018,republika,https://republika.co.id/berita/p2n5q3423/emgeoparkem-diakui-unesco-pemprov-jabar-benahi-infrastruktur,0.3,0.9,0.8,0.99,1
485,2018,republika,https://republika.co.id/berita/p2mrzy384/geopark-ciletuh-penuhi-kriteria-emglobal-geoparksem,0.76,0.98,0.77,0.99,1
486,2017,republika,https://republika.co.id/berita/p0qvve284/2018-geopark-ciletuh-tetap-jadi-perhatian-jabar,0.8,0.94,0.8,0.0,1
487,2017,republika,https://republika.co.id/berita/oxw67y284/geopark-ciletuh-pikat-peselancar-asing,0.76,0.96,0.68,0.68,1
488,2017,republika,https://republika.co.id/berita/oxux73423/menpar-promosikan-emgeoparkem-ciletuh-di-kejuaraan-selancar,0.56,0.76,0.82,0.99,1
489,2017,republika,https://republika.co.id/berita/oxuf8s382/menpar-yakini-geopark-ciletuh-jadi-tujuan-wisata-dunia,0.78,0.98,0.82,0.99,1
490,2017,republika,https://republika.co.id/berita/oxsrpj368/international-surf-cimaja-promosikan-geopark-ciletuh,0.76,0.46,0.76,0.99,1
491,2017,republika,https://republika.co.id/berita/owtunr396/deddy-mizwar-undang-jokowi-datang-ke-geopark-ciletuh,0.76,0.96,0.8,0.81,1
492,2017,republika,https://republika.co.id/berita/ovnc9f368/pengelola-geopark-ciletuh-diminta-terapkan-jurus-3a,0.76,0.92,0.76,0.99,1
493,2017,republika,https://republika.co.id/berita/ovdkjz359/wagub-minta-digitalisasi-informasi-wisata-geopark-ciletuh,0.78,0.96,0.78,0.99,1
494,2017,republika,https://republika.co.id/berita/ou9vmn314/geopark-ciletuh-menuju-geopark-kelas-dunia,0.76,0.85,0.76,0.0,1
495,2017,republika,https://republika.co.id/berita/ou6vsi382/selangkah-lagi-ciletuh-jadi-geopark-berkelas-dunia,0.76,0.91,0.82,0.99,1
496,2017,republika,https://republika.co.id/berita/ou6iqi368/jabar-komitmen-bangun-pusat-informasi-di-geopark-ciletuh,0.8,0.96,0.76,0.99,1
497,2017,republika,https://republika.co.id/berita/ou3psc335/demiz-minta-geopark-ciletuh-diabadikan-lewat-prangko,0.76,0.9,0.76,0.99,1
498,2017,republika,https://republika.co.id/berita/ou1u15282/pengembangan-geopark-ciletuh-minim-sosialisasi,0.76,0.96,0.76,0.0,1
499,2017,republika,https://republika.co.id/berita/otzpub368/status-ciletuh-jadi-emglobal-geopark-emditentukan-bulan-ini,0.76,0.94,0.8,1.0,1
500,2017,republika,https://republika.co.id/berita/oty3pm368/unpad-siapkan-riset-untuk-penilaian-geopark-ciletuh,0.76,0.85,0.8,0.0,1
501,2017,republika,https://republika.co.id/berita/otxy3d384/unesco-akan-kunjungi-geopark-ciletuh-1-agustus-besok,0.77,1.0,0.81,0.99,1
502,2017,republika,https://republika.co.id/berita/ota5vc284/tim-unesco-penilai-geopark-ciletuh-tiba-agustus,0.77,0.99,0.77,0.0,1
503,2017,republika,https://republika.co.id/berita/osq0by280/jelang-penilaian-unesco-pemkab-benahi-geopark-ciletuh,0.77,0.96,0.77,0.99,1
504,2017,republika,https://republika.co.id/berita/optz16284/paramitha-rusady-jadi-duta-geopark-ciletuh,0.76,0.88,0.76,0.0,1
505,2017,republika,https://republika.co.id/berita/oo75ph282/geopark-ciletuh-butuh-sinergi-kalangan-akademik,0.76,0.92,0.76,0.0,1
506,2017,republika,https://republika.co.id/berita/omsqjg368/jelang-penilaian-unesco-geopark-ciletuh-terus-berbenah,0.77,0.92,0.8,0.99,1
507,2017,republika,https://republika.co.id/berita/om5a0c400/bio-farma-bantu-sosialisasi-pengembangan-emgeoparkem-ciletuh,0.56,0.97,0.85,0.99,1
508,2017,republika,https://republika.co.id/berita/om2s0g284/persiapan-ciletuh-jadi-geopark-global-hampir-rampung,0.76,0.96,0.76,0.0,1
509,2017,republika,https://republika.co.id/berita/olop70400/lengkapi-sarana-di-emgeoparkem-ciletuh-pemprov-cari-partner,0.56,0.98,0.77,0.99,1
510,2017,republika,https://republika.co.id/berita/okyjzm361/aher-makin-optimistis-ciletuh-jadi-geopark-dunia,0.76,0.81,0.8,0.82,1
511,2017,republika,https://republika.co.id/berita/okxwqt328/geopark-ciletuh-jalani-simulasi-penilaian-unesco,0.77,0.81,0.77,0.99,1
512,2017,republika,https://republika.co.id/berita/okc2ra284/geopark-ciletuh-dinilai-dapat-majukan-daerah,0.76,0.92,0.85,0.99,1
513,2017,republika,https://republika.co.id/berita/okbx6h365/sukabumi-mulai-sosialisasikan-ciletuh-menjadi-emgeoparkem-dunia,0.68,0.96,0.76,0.0,1
514,2017,republika,https://republika.co.id/berita/ok6i88368/kerajinan-kerang-dikembangkan-untuk-dukung-geopark-ciletuh,0.76,0.9,0.8,0.99,1
515,2017,republika,https://republika.co.id/berita/ojyqxh359/siapkan-jadi-geopark-dunia-pemprov-bentuk-uptd-ciletuh,0.76,0.98,0.76,0.99,1
516,2017,republika,https://republika.co.id/berita/ojhnpe368/pemprov-jabar-siapkan-rp-200-miliar-untuk-dukung-geopark-ciletuh,0.8,0.96,0.8,0.99,1
517,2017,republika,https://republika.co.id/berita/oj5jwk396/jabar-bangun-jalan-33-kilometer-geopark-ciletuh,0.8,0.98,0.76,0.99,1
518,2016,republika,https://republika.co.id/berita/ohk1u7368/bio-farma-dukung-pengembangan-geopark-ciletuhpelabuhanratu,0.51,0.92,0.82,0.93,1
519,2016,republika,https://republika.co.id/berita/og5eiy368/jalan-ke-geopark-ciletuh-sukabumi-belum-bisa-dilalui,0.85,0.85,0.85,0.99,1
520,2016,republika,https://republika.co.id/berita/og4ekb368/longsor-tutup-jalan-menuju-geopark-ciletuh,0.76,0.91,0.85,0.99,1
521,2016,republika,https://republika.co.id/berita/oekcsy313/geopark-ciletuh-jadi-lokasi-alternatif-pemantau-hilal,0.76,0.98,0.76,0.99,1
522,2016,republika,https://republika.co.id/berita/oe8suo384/bupati-sukabumi-ke-inggris-promosikan-geopark-ciletuh,0.85,0.92,0.87,0.99,1
523,2016,republika,https://republika.co.id/berita/oc1jaz396/kejar-target-geopark-dunia-pemprov-gelar-festival-ciletuh,0.76,0.99,0.8,0.92,1
524,2016,republika,https://republika.co.id/berita/obhndp335/geopark-ciletuh-jadi-andalan-pariwisata-indonesia,0.76,0.91,0.78,0.99,1
525,2016,republika,https://republika.co.id/berita/o9214l368/wilayah-geopark-ciletuh-akan-diperluas,0.76,0.99,0.76,0.0,1
526,2016,republika,https://republika.co.id/berita/o5tlbn368/jabar-bentuk-badan-pengelola-geopark-ciletuh,0.8,0.95,0.76,0.0,1
527,2016,republika,https://republika.co.id/berita/o5t00h384/pesona-geopark-ciletuh-sukabumi,0.85,0.93,0.78,0.99,1
528,2016,republika,https://republika.co.id/berita/o5manq352/pemprov-jabarunpad-gelar-kartini-goes-to-ciletuh-geopark,0.78,0.95,0.8,0.0,1
529,2016,republika,https://republika.co.id/berita/o5h2gq284/unesco-tertarik-jadikan-ciletuh-sebagai-global-geopark,0.77,0.9,0.77,0.9,1
530,2015,republika,https://republika.co.id/berita/o03y5k359/jadi-geopark-nasional-pengunjung-ke-ciletuh-sukabumi-diprediksi-naik,0.85,0.87,0.87,0.0,1
531,2015,republika,https://republika.co.id/berita/nxu4rt359/kawasan-menuju-geopark-ciletuh-sukabumi-masih-alami-kekeringan,0.85,0.85,0.85,0.99,1
532,2015,republika,https://republika.co.id/berita/nxsz3q284/wagub-jabar-buka-festival-geopark-ciletuh-sukabumi,0.89,0.92,0.76,0.0,1
533,2015,republika,https://republika.co.id/berita/nqhrub/penetapan-ciletuh-jadi-geopark-terkendala-tambang-liar,0.76,0.82,0.76,0.0,1
534,2015,republika,https://republika.co.id/berita/nluyf8/pemprov-siapkan-cetak-biru-pengembangan-geopark-ciletuh,0.76,0.98,0.89,0.99,1
535,2015,republika,https://republika.co.id/berita/nipwjb/geopark-ciletuh-dapat-sinyal-positif-unesco,0.77,0.91,0.8,0.99,1
536,2015,republika,https://republika.co.id/berita/nipks6/penentuan-batas-geopark-ciletuh-dimulai-tahun-ini,0.76,0.87,0.8,0.99,1
537,2014,republika,https://republika.co.id/berita/nhdo6r/pemkab-sukabumi-optimistis-ciletuh-jadi-geopark-nasional,0.85,0.89,0.85,0.99,1
538,2014,republika,https://republika.co.id/berita/nd7pwb61/taman-ciletuh-jadi-geopark-nasional,0.77,0.91,0.87,0.0,1
539,2020,republika,https://republika.co.id/berita/q5tw5k459/akses-ke-geopark-ciletuh-dikepung-banjir-dan-longsor,0.76,0.94,0.85,1.0,1
540,2019,sindonews,https://jabar.sindonews.com/read/8377/1/poles-geopark-ciletuh-disparbud-jabar-siapkan-dana-rp126-miliar-1562321239,0.8,1.0,0.8,0.0,1
541,2019,sindonews,https://ekbis.sindonews.com/read/1463566/34/perum-jamkrindo-lakukan-pemberdayaan-masyarakat-di-kawasan-ciletuh-1574980097,0.56,0.99,0.0,0.25,1
542,2020,sindonews,https://ekbis.sindonews.com/berita/1529683/34/jamkrindo-edukasi-gaya-hidup-hijau-di-geopark-ciletuh,0.76,0.96,0.0,0.25,1
543,2020,sindonews,https://daerah.sindonews.com/artikel/sumut/12487/jamkrindo-perkenalkan-gaya-hidup-hijau-di-geopark-ciletuh,0.76,0.98,0.0,0.0,1
544,2018,sindonews,https://lifestyle.sindonews.com/berita/1298741/156/geopark-ciletuh-resmi-sandang-predikat-unesco-global-geopark,0.77,0.87,0.0,0.2,1
545,2018,sindonews,https://daerah.sindonews.com/berita/1298396/21/aher-bangga-ciletuh-resmi-sandang-status-unesco-global-geopark,0.77,0.91,0.25,0.25,1
546,2018,sindonews,https://autotekno.sindonews.com/berita/1282629/129/tucsonic-family-mengeksplorasi-ciletuh-geopark-sukabumi,0.85,0.94,0.0,0.0,1
547,2017,sindonews,https://lifestyle.sindonews.com/berita/1262586/156/mengangkat-potensi-geopark-ciletuh-ke-pentas-dunia,0.76,0.99,0.55,0.73,1
548,2017,sindonews,https://daerah.sindonews.com/berita/1241765/21/kembangkan-geopark-ciletuh-pemprov-jabar-ajukan-2-lokasi-pengganti-bandara-citarate,0.8,0.96,0.0,0.0,1
549,2017,sindonews,https://daerah.sindonews.com/berita/1221823/21/sambut-tim-unesco-taman-nasional-geopark-ciletuh-bersolek,0.79,0.93,0.25,0.32,1
550,2016,sindonews,https://lifestyle.sindonews.com/berita/1120742/156/6-titik-geopark-ciletuh-yang-wajib-dijelajahi-libur-lebaran-ini,0.76,0.92,0.0,0.2,1
551,2015,sindonews,https://daerah.sindonews.com/berita/955689/151/unesco-respons-positif-geopark-ciletuh,0.77,0.91,0.25,0.25,1
552,2018,tempo,https://travel.tempo.co/read/1090598/sertifikat-unesco-untuk-geopark-ciletuh-telah-terbit,0.77,0.98,0.76,0.89,1
553,2017,tempo,https://nasional.tempo.co/read/897466/tim-asesor-unesco-kunjungi-geopark-ciletuh-jawa-barat,0.81,0.98,0.0,0.0,1
554,2018,tempo,https://nasional.tempo.co/read/1090596/geopark-ciletuh-palabuhanratu-resmi-menjadi-ugg,0.84,0.96,0.25,0.25,1
555,2018,tempo,https://travel.tempo.co/read/1085477/menikmati-geopark-ciletuh-dari-bukit-soca,0.76,0.98,0.76,0.91,1
556,2018,tempo,https://travel.tempo.co/read/1051565/rute-baru-menuju-geopark-ciletuh-lebih-pendek-dan-indah,0.76,0.98,0.51,0.89,1
557,2018,tempo,https://travel.tempo.co/read/1121586/geopark-ciletuh-dinilai-cocok-untuk-penggodogan-atlet-paralayang,0.76,0.96,0.76,0.89,1
558,2017,tempo,https://nasional.tempo.co/read/872966/penambangan-dan-sampah-merusak-geopark-nasional-ciletuh,0.76,1.0,0.0,0.2,1
559,2018,tempo,https://travel.tempo.co/read/1079922/unesco-tetapkan-ciletuh-palabuhanratu-sebagai-geopark-dunia,0.84,0.98,0.51,0.89,1
560,2017,tempo,https://bisnis.tempo.co/read/832122/2017-jawa-barat-bangun-jalan-baru-33-km-ke-geopark-ciletuh,0.8,0.98,0.0,0.25,1
561,2019,tempo,https://travel.tempo.co/read/1247717/ciletuh-geopark-festival-selama-10-hari-cek-agenda-yang-menarik,0.76,0.91,0.76,0.89,1
562,2018,tempo,https://travel.tempo.co/read/1102632/300-ribu-wisatawan-padati-geopark-ciletuh-selama-musim-liburan,0.76,0.99,0.76,0.89,1
563,2016,tempo,https://travel.tempo.co/read/769940/jawa-barat-bentuk-badan-pengendali-geopark-ciletuh,0.8,0.92,0.32,0.82,1
564,2018,tempo,https://travel.tempo.co/read/1081796/putra-putri-indonesia-promosikan-geopark-ciletuh-lewat-instagram,0.76,0.9,0.82,0.93,1
565,2018,tempo,https://travel.tempo.co/read/1149229/geopark-ciletuh-raih-penghargaan-obyek-wisata-baru-terpopuler,0.78,0.99,0.76,0.89,1
566,2018,tempo,https://nasional.tempo.co/read/1080175/geopark-ciletuh-palabuhanratu-resmi-sandang-unesco-global-geopark,0.84,0.99,0.25,0.25,1
567,2016,tempo,https://travel.tempo.co/read/771812/warga-sekitar-geopark-ciletuh-dilatih-jadi-pemandu-wisata,0.78,0.91,0.0,0.2,1
568,2016,tempo,https://travel.tempo.co/read/762929/hari-kartini-21-perempuan-jelajah-geopark-ciletuh,0.76,0.93,0.0,0.25,1
569,2017,tempo,https://nasional.tempo.co/read/874776/paramitha-rusady-jadi-duta-geopark-ciletuh,0.76,0.9,0.0,0.0,1
570,2018,tempo,https://bisnis.tempo.co/read/1064952/ahmad-heryawan-ingin-geopark-ciletuh-dibiayai-obligasi-daerah,0.76,0.96,0.51,0.92,1
571,2017,tempo,https://travel.tempo.co/read/837410/unesco-siap-evaluasi-geopark-ciletuh,0.77,0.98,0.0,0.2,1
572,2019,tempo,https://travel.tempo.co/read/1275415/pendakian-gunung-rinjani-dibuka-kembali-ini-syaratnya/full&view=ok,0.0,0.59,0.51,0.91,0
573,2019,tempo,https://travel.tempo.co/read/1255442/jalan-panjang-dieng-bisa-jadi-situs-geopark,0.51,0.55,0.51,0.89,0
574,2019,tempo,https://travel.tempo.co/read/1245650/unesco-gunung-sewu-masih-sandang-status-geopark-dunia,0.54,0.62,0.54,0.89,0
575,2019,tempo,https://tekno.tempo.co/read/1239236/indonesia-usulkan-toba-dan-belitung-jadi-geopark-dunia,0.51,0.96,0.51,0.89,1
576,2019,tempo,https://travel.tempo.co/read/1229068/unesco-pantau-pengelolaan-geopark-gunung-sewu,0.54,0.57,0.54,0.92,0
577,2019,tempo,https://tekno.tempo.co/read/1217976/lokasi-syuting-laskar-pelangi-ini-diusulkan-jadi-geopark-dunia,0.51,0.83,0.51,0.89,1
578,2019,tempo,https://travel.tempo.co/read/1179799/apa-arti-status-global-geopark-untuk-pariwisata-danau-toba/full&view=ok,0.51,0.57,0.54,0.92,0
579,2019,tempo,https://travel.tempo.co/read/1170452/banyuwangi-incar-unesco-global-geopark-menteri-arief-tak-mudah,0.54,0.59,0.54,0.92,0
580,2019,tempo,https://metro.tempo.co/read/1205687/bupati-bogor-akui-kewalahan-mengawasi-gurandil,0.0,0.55,0.0,0.3,0
581,2019,tempo,https://metro.tempo.co/read/1282464/bahas-8-isu-pembangunan-11-pemda-akan-berkumpul-di-bogor/full&view=ok,0.0,0.91,0.0,0.25,1
582,2019,tempo,https://en.tempo.co/read/1239320/indonesia-proposes-belitung-and-toba-as-unesco-global-geoparks,0.54,0.87,0.54,0.54,1
583,2019,tempo,https://travel.tempo.co/read/1238848/600-an-geolog-dunia-datangi-lombok-bukti-pariwisata-sudah-pulih,0.0,0.89,0.51,0.62,1
584,2019,tempo,https://travel.tempo.co/read/1229873/dunia-berutang-pada-destinasi-wisata-alam-indonesia-ini/full&view=ok,0.2,0.33,0.25,0.93,0
585,2019,tempo,https://tekno.tempo.co/read/1228789/peneliti-itb-krayan-layak-menjadi-situs-warisan-dunia-unesco/full&view=ok,0.16,0.22,0.16,0.9,0
586,2019,tempo,https://bisnis.tempo.co/read/1203919/jawa-barat-segera-bebaskan-lahan-untuk-bandara-cikembar/full&view=ok,0.25,0.91,0.25,0.32,1
587,2019,tempo,https://travel.tempo.co/read/1239345/geopark-karangsambung-bukti-kebumen-dulunya-dasar-laut,0.51,0.64,0.51,0.57,0
588,2018,tempo,https://travel.tempo.co/read/1102632/300-ribu-wisatawan-padati-geopark-ciletuh-selama-musim-liburan/full&view=ok,0.76,0.99,0.76,0.89,1
589,2017,tempo,https://nasional.tempo.co/read/845069/warga-ciptagelar-diminta-dukunggeopark-ciletuh,0.56,0.96,0.0,0.0,1
590,2018,tempo,https://nasional.tempo.co/read/1095517/aher-ajak-investor-percantik-geopark-ciletuh-palabuhanratu,0.82,0.96,0.25,0.25,1
591,2016,tempo,https://travel.tempo.co/read/786793/geopark-ciletuh-perimadona-baru-tempat-liburan-di-jawa-barat,0.8,0.93,0.32,0.82,1
592,2016,tempo,https://travel.tempo.co/read/763096/hari-kartini-21-perempuan-jelajahi-geopark-ciletuh,0.76,0.93,0.5,0.92,1
593,2015,tempo,https://travel.tempo.co/read/658386/dukung-geopark-ciletuh-jabar-akan-bangun-bandara,0.8,0.96,0.0,0.25,1
594,2018,tempo,https://nasional.tempo.co/read/1113250/pj-gubernur-jabar-geopark-ciletuhharus-mendunia,0.57,0.98,0.25,0.25,1
595,2016,tempo,https://travel.tempo.co/read/763926/menantikan-geopark-ciletuh-menjadi-global-geopark,0.76,0.9,0.32,0.82,1
596,2017,tempo,https://nasional.tempo.co/read/1024960/arief-yahya-geopark-ciletuh-palabuhanratu-destinasi-kelas-dunia,0.82,0.9,0.0,0.0,1
597,2017,tempo,https://nasional.tempo.co/read/843619/geopark-ciletuh-masuk-unesco-global-geopark,0.77,0.96,0.0,0.0,1
598,2017,tempo,https://nasional.tempo.co/read/904138/informasi-geopark-ciletuh-harus-didigitalisasi,0.76,0.96,0.0,0.0,1
599,2017,tempo,https://nasional.tempo.co/read/837204/april-ini-tim-penilai-unesco-kunjungi-geopark-ciletuh,0.77,0.98,0.0,0.0,1
600,2017,tempo,https://nasional.tempo.co/read/831963/jalan-baru-menuju-geopark-ciletuh-segera-dibangun,0.76,0.98,0.0,0.0,1
601,2018,tempo,https://nasional.tempo.co/read/1080179/aher-minta-pemkab-sukabumi-buat-rdtr-geopark-ciletuh,0.85,0.98,0.25,0.25,1
602,2017,tempo,https://seleb.tempo.co/read/874634/paramitha-rusady-menjadi-duta-geopark-ciletuh-pelabuhan-ratu,0.82,0.98,0.32,0.82,1
603,2016,tempo,https://nasional.tempo.co/read/797176/jabar-targetkan-ciletuh-masuk-unesco-global-geopark,0.81,1.0,0.0,0.0,1
604,2015,tempo,https://travel.tempo.co/read/719339/ciletuh-calon-geopark-kelas-dunia-di-sukabumi,0.85,0.91,0.5,0.92,1
605,2015,tempo,https://nasional.tempo.co/read/729913/ciletuh-sukabumi-resmi-berstatus-geopark-nasional,0.85,0.9,0.5,0.92,1
606,2017,tempo,https://travel.tempo.co/read/1045105/proyeksi-2018-menjadikan-geopark-tumpuan-wisata-lingkungan,0.55,1.0,0.0,0.0,1
607,2018,tempo,https://travel.tempo.co/read/1135875/kasepuhan-adat-sinarresmi-ditetapkan-sebagai-global-geopark,0.51,0.96,0.51,0.89,1
608,2017,tempo,https://nasional.tempo.co/read/850953/kembangkan-ciletuh-jawa-barat-gandeng-delapan-partner,0.61,0.98,0.0,0.0,1
609,2017,tempo,https://nasional.tempo.co/read/872861/pemprov-dorong-ciletuh-pelabuhan-ratu-jadi-destinasi-wisata-dunia,0.67,0.98,0.0,0.0,1
610,2017,tempo,https://nasional.tempo.co/read/896385/unpad-dukung-penetapan-ciletuh-palabuhanratu-jadi-geopark-unesco,0.84,0.97,0.16,0.35,1
611,2019,tribunnews,https://www.tribunnews.com/regional/2019/12/15/jamkrindo-ikut-hijaukan-geopark-ciletuh,0.76,0.96,0.39,0.94,1
612,2019,tribunnews,https://travel.tribunnews.com/2019/01/14/mengenal-4-geopark-di-asia-tenggara-yang-masuk-daftar-geopark-global-unesco,0.54,0.8,0.8,0.57,1
613,2018,tribunnews,https://www.tribunnews.com/travel/2018/10/08/yuk-dikunjungi-ini-4-spot-wisata-di-geopark-ciletuh-jawa-barat,0.82,0.99,0.85,0.93,1
614,2018,tribunnews,https://www.tribunnews.com/regional/2018/05/20/geopark-ciletuh-palabuhanratu-kini-resmi-gabung-unesco-global-geoparks,0.84,0.96,0.54,0.54,1
615,2018,tribunnews,https://www.tribunnews.com/travel/2018/02/11/wisata-alam-geopark-ciletuh-palabuhan-ratu,0.85,0.81,0.0,0.54,1
616,2016,tribunnews,https://www.tribunnews.com/regional/2016/07/10/ratusan-bidak-catur-raksasa-peninggalan-megalitikum-ditemukan-di-geopark-ciletuh,0.76,0.89,0.51,0.51,1
617,2017,tribunnews,https://www.tribunnews.com/regional/2017/09/25/demiz-undang-presiden-ke-ciletuh-desember-nanti?page=2,0.56,0.98,0.84,0.6,1
618,2020,tribunnews,https://www.tribunnews.com/regional/2020/01/24/jamkrindo-lakukan-pemberdayaan-berkelanjutan-di-geopark-ciletuh?page=2,0.76,0.78,0.76,0.92,1
619,2018,tribunnews,https://www.tribunnews.com/kilas-kementerian/2018/10/13/upacara-adat-syukur-bumi-awali-festival-geopark-ciletuh,0.77,0.96,0.85,0.94,1
620,2018,tribunnews,https://www.tribunnews.com/nasional/2018/04/16/50-atlet-paralayang-beraksi-di-funday-geopark-ciletuh,0.76,0.92,0.0,0.0,1
621,2018,tribunnews,https://www.tribunnews.com/kilas-kementerian/2018/10/14/rekor-dunia-tercipta-di-pembukaan-festival-geopark-ciletuh-2018,0.76,0.92,0.76,0.76,1
622,2019,tribunnews,https://www.tribunnews.com/bisnis/2019/03/26/inisiasi-antam-kembangkan-taman-buah-nusantara-di-bogor,0.16,0.66,0.16,0.16,0
623,2019,tribunnews,https://www.tribunnews.com/nasional/2019/07/31/jokowi-dorong-geopark-kaldera-toba-diakui-unesco,0.54,0.84,0.54,0.9,1
624,2019,tribunnews,https://www.tribunnews.com/kilas-kementerian/2019/05/07/cara-pemerintah-persiapkan-geopark-nasional-sawahlunto-jadi-unesco-global-geopark,0.54,0.57,0.51,0.51,0
625,2019,tribunnews,https://bali.tribunnews.com/2019/11/29/status-batur-global-geopark-terancam-dicabut-unesco-hasil-riset-peneliti-ungkap-alasannya,0.54,0.54,0.54,0.6,0
626,2019,tribunnews,https://banjarmasin.tribunnews.com/2019/10/31/menuju-ugg-begini-peluang-pegunungan-meratus-menurut-president-jaringan-geopark-indonesia,0.54,0.84,0.54,0.57,1
627,2019,tribunnews,https://jogja.tribunnews.com/2019/09/08/geopark-gunung-sewu-berhasil-pertahankan-status-dari-unesco,0.54,0.54,0.16,0.59,0
628,2019,tribunnews,https://www.tribunnews.com/kilas-kementerian/2019/06/26/menuju-geopark-dunia-asesor-unesco-kunjungi-belitung?page=2,0.54,0.55,0.16,0.59,0
629,2019,tribunnews,https://www.tribunnews.com/kilas-kementerian/2019/07/07/menpar-arief-yahya-unesco-tetapkan-sawahlunto-jadi-situs-warisan-dunia?page=all,0.16,0.93,0.0,0.2,1
630,2019,tribunnews,https://travel.tribunnews.com/2019/07/09/7-taman-nasional-di-indonesia-yang-masuk-situs-warisan-unesco,0.22,0.22,0.16,0.33,0
631,2019,tribunnews,https://www.tribunnews.com/travel/2019/04/23/badan-pengelola-geopark-pongkor-dikukuhkan-ade-yasin-untuk-branding-the-city-of-sport-and-tourism,0.51,0.62,0.0,0.25,0
632,2019,tribunnews,https://bali.tribunnews.com/2019/11/15/dukung-pengembangan-geopark-banyuwangi-kemenparekraf-susun-master-plan-bareng-pemkab?page=3,0.51,0.54,0.0,0.35,0
633,2019,tribunnews,https://madura.tribunnews.com/2019/02/22/diusulkan-menjadi-geopark-dunia-di-2020-banyuwangi-genjot-persiapan-di-berbagai-unsur-penting,0.51,0.62,0.55,0.55,0
634,2017,tribunnews,https://www.tribunnews.com/regional/2017/08/28/geopark-ciletuh-akan-gunakan-media-sosial-agar-viral,0.76,0.96,0.89,0.98,1
635,2017,tribunnews,https://www.tribunnews.com/travel/2017/10/16/menpar-ingin-geopark-ciletuh-jadi-destinasi-wisata-dunia,0.78,0.84,0.76,0.92,1
636,2020,tribunnews,https://www.tribunnews.com/regional/2020/02/14/jamkrindo-perkenalkan-gaya-hidup-hijau-di-geopark-ciletuh?page=2,0.76,0.94,0.0,0.0,1
637,2018,tribunnews,https://www.tribunnews.com/travel/2018/04/05/festival-hari-nelayan-palabuanratu-ke-58-angkat-ekonomi-masyarakat-dan-geopark-ciletuh,0.82,0.98,0.84,0.99,1
638,2018,tribunnews,https://www.tribunnews.com/regional/2018/04/16/geopark-ciletuh-palabahunratu-resmi-sandang-unesco-global-geopark,0.77,0.96,0.54,0.86,1
639,2017,tribunnews,https://www.tribunnews.com/travel/2017/04/26/wisatawan-keluhkan-jalanan-rusak-menuju-geopark-ciletuh-sukabumi,0.85,0.99,0.39,0.56,1
640,2018,tribunnews,https://www.tribunnews.com/regional/2018/04/16/geopark-ciletuh-palabahunratu-resmi-sandang-unesco-global-geopark?page=all,0.77,1.0,0.54,0.86,1
