Media_Online,Seed_URL,URL_Word,Parent_Page,Anchor_Text,Surrounding_Text,Class
antaranews,https://www.antaranews.com/berita/943420/pemprov-jabar-percepat-pembangunan-amphitheater-geopark-ciletuh,0.66,0.92,0.66,0.79,1
antaranews,https://jabar.antaranews.com/berita/108176/pengembangan-geopark-ciletuh-sukabumi-butuh-bantuan-pemerintah-provinsi-dan-pusat,0.71,0.82,0.26,0,1
antaranews,https://www.antaranews.com/video/1301262/membiasakan-para-siswa-di-sekitar-geopark-ciletuh-untuk-meminimalisasi-sampah-plastik,0.66,0.79,0.71,0,1
antaranews,https://www.antaranews.com/berita/1301114/akses-ke-geopark-ciletuh-palabuhan-ratu-dikepung-banjir-dan-longsor,0.72,0.89,0.66,0.84,1
antaranews,https://www.antaranews.com/video/1263389/kampanye-antisampah-plastik-untuk-menjaga-keasrian-geopark-ciletuh,0.66,0.77,0,0.32,1
antaranews,https://www.antaranews.com/berita/1236895/kampanye-anti-sampah-perum-jamkrindo-di-geopark-ciletuh-diapresiasi,0.66,0.85,0.66,0.83,1
antaranews,https://www.antaranews.com/berita/1209759/perum-jamkrindo-tanam-ratusan-pohon-di-kawasan-geopark-ciletuh,0.73,0.89,0.72,0.79,1
antaranews,https://www.antaranews.com/video/1031836/surga-wisata-geopark-ciletuh-palabuhan-ratu,0.75,0.84,0.53,0.53,1
antaranews,https://www.antaranews.com/berita/974132/pelaku-usaha-geopark-ciletuh-sukabumi-dapat-pelatihan-keuangan,0.71,0.85,0.71,0.79,1
antaranews,https://www.antaranews.com/berita/943420/pemprov-jabar-percepat-pembangunan-amphitheater-geopark-ciletuh,0.66,0.92,0.66,0.79,1
antaranews,https://ramadhan.antaranews.com/berita/900853/minibus-bak-terbuka-terjun-ke-jurang-di-jalur-menuju-geopark-ciletuh,0.66,0.8,0,0,1
antaranews,https://www.antaranews.com/video/776375/geopark-ciletuh-surganya-olah-raga-selancar,0.66,0.81,0.38,0.6,1
antaranews,https://www.antaranews.com/berita/776237/pakar-geopark-ciletuh-rawan-gempa-dan-tsunami,0.66,0.85,0.71,0.87,1
antaranews,https://www.antaranews.com/video/758490/festival-geopark-ciletuh-untuk-sukabumi-yang-kian-menarik,0.71,0.75,0.79,0.71,1
antaranews,https://www.antaranews.com/berita/723087/seperempat-juta-lebih-turis-tumplek-di-geopark-ciletuh,0.66,0.92,0.71,0.79,1
antaranews,https://www.antaranews.com/foto/719853/wisata-geopark-ciletuh-palabuhan-ratu,0.75,0.85,0.22,0,1
antaranews,https://www.antaranews.com/berita/715991/jabar-harus-pertahankan-ciletuh-pelabuhanratu-geopark-dunia,0.72,0.98,0.72,0.83,1
antaranews,https://www.antaranews.com/berita/715656/jabar-berkomitmen-pertahankan-ciletuh-sebagai-geopark-dunia,0.66,0.94,0.6,0.66,1
antaranews,https://www.antaranews.com/foto/715643/penetapan-geopark-ciletuh-pelabuhanratu,0.72,0.8,0.22,0,1
antaranews,https://www.antaranews.com/berita/1101124/vokasi-ui-berdayakan-masyarakat-di-geopark-gunung-pongkor,0.53,0.68,0,0.58,1
antaranews,https://www.antaranews.com/berita/986164/jokowi-dorong-taman-bumi-kaldera-toba-diakui-unesco,0.39,0.83,0,0,1
antaranews,https://www.antaranews.com/berita/1050906/taman-bumi-gunungsewu-pertahankan-keanggotaan-di-unesco-global-geopark,0.66,0.76,0.53,0.84,1
antaranews,https://www.antaranews.com/berita/1197308/pemkab-bogor-undang-menteri-dan-13-kepala-daerah-bahas-perbatasan,0,0.77,0,0.44,1
antaranews,https://www.antaranews.com/berita/815290/antam-kembangkan-taman-buah-nusantara-di-bogor,0.27,0.84,0.36,0.36,1
antaranews,https://www.antaranews.com/berita/801240/dikembangkan-36-titik-geopark-di-meratus,0.53,0.84,0,0,1
beritasatu,https://www.beritasatu.com/nasional/600589/akses-ke-geopark-ciletuh-di-sukabumi-dikepung-banjir-dan-longsor,0.75,0.89,0.71,0.76,1
beritasatu,https://www.beritasatu.com/nasional/571481/sekda-sukabumi-pengembangan-geopark-ciletuh-butuh-bantuan-pusat,0.75,0.82,0.71,0.71,1
beritasatu,https://www.beritasatu.com/mobil/536582/menjajal-keandalan-xenia-1500-cc-di-tanjakan-ekstrem-geopark-ciletuh,0.66,0.85,0.66,0.71,1
beritasatu,https://www.beritasatu.com/nasional/499088/300000-turis-kunjungi-geopark-ciletuh-selama-libur-lebaran,0.7,0.88,0.71,0.8,1
beritasatu,https://www.beritasatu.com/video-berita/497389/menikmati-mandi-air-panas-di-geopark-ciletuh,0.66,0.77,0,0.8,1
beritasatu,https://www.beritasatu.com/rehat/493145/unesco-terbitkan-sertifikat-untuk-geopark-ciletuh,0.66,0.82,0.71,0.8,1
beritasatu,https://www.beritasatu.com/nasional/488727/ciletuh-dan-rinjani-jadi-geopark-dunia,0.7,0.92,0.66,0.72,1
beritasatu,https://www.beritasatu.com/saujana/486773/festival-hari-nelayan-pelabuanratu-ke58-sukses,0.27,0.88,0.76,0.81,1
beritasatu,https://www.beritasatu.com/ekonomi/486491/menhub-targetkan-pelabuhan-ratu-beroperasi-2019,0.27,0.84,0.27,0.37,1
cnnindonesia,https://www.cnnindonesia.com/teknologi/20190201173709-384-365784/menggoyang-xpander-dari-jakarta-sampai-geopark-ciletuh,0.66,0.89,0.26,0.26,1
cnnindonesia,https://www.cnnindonesia.com/nasional/20200220140930-20-476472/longsor-terjang-ciawi-bogor-4-warga-tewas,0.24,0.8,0,0,1
cnnindonesia,https://www.cnnindonesia.com/nasional/20200217102157-20-475263/banjir-dan-longsor-kepung-akses-geopark-ciletuh-sukabumi,0.75,0.89,0.71,0.79,1
cnnindonesia,https://www.cnnindonesia.com/gaya-hidup/20181223194113-269-355946/menjaga-denyut-teluk-ciletuh-lewat-konservasi-dan-budidaya,0.4,0.97,0.48,0.79,1
cnnindonesia,https://www.cnnindonesia.com/gaya-hidup/20181218154222-269-354582/manfaatkan-homestay-saat-libur-akhir-tahun-di-geopark-ciletuh,0.66,0.85,0.72,0.79,1
cnnindonesia,https://www.cnnindonesia.com/gaya-hidup/20181114150117-269-346540/merawat-ingatan-geopark-ciletuh-palabuhanratu,0.72,1,0.75,0.79,1
cnnindonesia,https://www.cnnindonesia.com/gaya-hidup/20181115160207-269-346841/pengabdi-geopark-ciletuh-palabuhanratu,0.72,0.85,0.34,0.79,1
cnnindonesia,https://www.cnnindonesia.com/gaya-hidup/20181114193803-269-346625/geopark-ciletuh-berhadapan-dengan-masalah-klasik,0.66,0.89,0.75,0.79,1
cnnindonesia,https://www.cnnindonesia.com/gaya-hidup/20181116123945-269-347082/meluncur-ke-geopark-ciletuh-palabuhanratu,0.72,0.89,0.79,0.79,1
cnnindonesia,https://www.cnnindonesia.com/gaya-hidup/20181014134256-269-338359/rekor-dunia-tercipta-di-pembukaan-festival-geopark-ciletuh,0.66,0.75,0.66,0.79,1
cnnindonesia,https://www.cnnindonesia.com/gaya-hidup/20181013151113-269-338225/upacara-adat-syukur-bumi-awali-festival-geopark-ciletuh,0.72,0.76,0.66,0.79,1
cnnindonesia,https://www.cnnindonesia.com/gaya-hidup/20180603211110-269-303120/jabar-berambisi-pertahankan-ciletuh-sebagai-geopark-dunia,0.66,0.92,0.71,0.79,1
cnnindonesia,https://www.cnnindonesia.com/gaya-hidup/20180329192319-269-286958/perikanan-jadi-kekuatan-baru-pariwisata-ciletuh,0.4,0.88,0.79,0.79,1
cnnindonesia,https://www.cnnindonesia.com/gaya-hidup/20171015144159-307-248492/kemenpar-gali-potensi-pariwisata-geopark-ciletuh,0.66,0.92,0,0.79,1
cnnindonesia,https://www.cnnindonesia.com/gaya-hidup/20170801124724-307-231659/unesco-datang-beri-penilaian-status-geopark-ciletuh,0.66,0.92,0,0.79,1
cnnindonesia,https://www.cnnindonesia.com/gaya-hidup/20170118101520-269-187098/unesco-pertimbangkan-cileteuh-menjadi-taman-bumi,0.55,0.96,0.75,0,1
cnnindonesia,https://www.cnnindonesia.com/gaya-hidup/20161214134621-307-179538/ciletuh-wisata-unggulan-jabar-rekomendasi-gubernur-aher,0.45,0.88,0,0,1
cnnindonesia,https://www.cnnindonesia.com/gaya-hidup/20160620035114-269-139349/pemerintah-jawa-barat-akan-perluas-kawasan-geopark-ciletuh,0.73,0.96,0.73,0,1
cnnindonesia,https://www.cnnindonesia.com/gaya-hidup/20190417135248-269-387195/tahun-ini-kelimutu-mendaftar-sebagai-geopark-nasional,0.58,0.89,0.53,0.78,1
cnnindonesia,https://www.cnnindonesia.com/gaya-hidup/20190106104003-269-358766/tersasar-di-geopark-pongkor,0.53,0.76,0.58,0.78,1
cnnindonesia,https://www.cnnindonesia.com/gaya-hidup/20190121182410-269-362578/manfaat-menjelajahi-di-kawasan-wisata-alam,0.46,0.52,0.35,0.35,0
cnnindonesia,https://www.cnnindonesia.com/gaya-hidup/20190130074152-269-364933/belitung-menuju-unesco-global-geopark,0.53,0.81,0.53,0.75,1
cnnindonesia,https://www.cnnindonesia.com/gaya-hidup/20190613150907-269-403027/yachter-mancanegara-bakal-sambangi-natuna-pertengahan-juni,0,0.69,0.22,0.75,0
cnnindonesia,https://www.cnnindonesia.com/gaya-hidup/20190625053157-269-406063/geopark-meratus-akan-didaftarkan-ke-unesco,0.53,0.84,0.53,0.75,1
cnnindonesia,https://www.cnnindonesia.com/tv/20190510135925-405-393722/video-pesona-alam-geopark-batu,0.6,0.75,0.58,0.64,1
cnnindonesia,https://www.cnnindonesia.com/gaya-hidup/20190312101339-269-376424/natuna-resmi-berstatus-geopark-nasional,0.58,0.69,0.53,0.75,1
detik,https://travel.detik.com/travel-news/d-4841772/preman-digulung-wisatawan-geopark-ciletuh-inginkan-aksi-preventif?_ga=2.123643459.954688674.1582443345-236416681.1571536150,0.66,0.85,0.85,0,1
detik,https://news.detik.com/berita-jawa-barat/d-4839220/nyamar-jadi-pengunjung-polisi-sukabumi-bekuk-komplotan-pemalak-wisatawan?_ga=2.190745315.954688674.1582443345-236416681.1571536150,0.26,0.75,0.71,0,1
detik,https://travel.detik.com/domestic-destination/d-4780364/aduhai-cantiknya-hot-mom-wulan-guritno-di-geopark-ciletuh?_ga=2.165709174.954688674.1582443345-236416681.1571536150,0.66,0.85,0.71,0,1
detik,https://travel.detik.com/travel-news/d-4688699/jabar-kucurkan-rp-10-m-untuk-objek-wisata-geopark-ciletuh?_ga=2.236890057.954688674.1582443345-236416681.1571536150,0.7,0.79,0.75,0,1
detik,https://travel.detik.com/dtravelers_stories/u-4651478/7-keajaiban-alam-di-geopark-ciletuh?_ga=2.231351255.954688674.1582443345-236416681.1571536150,0.72,1,0.27,0,1
detik,https://travel.detik.com/travel-news/d-4613007/dorong-wisata-seni-geopark-ciletuh-bakal-punya-amphitheater?_ga=2.168411881.954688674.1582443345-236416681.1571536150,0.7,0.92,0.71,0,1
detik,https://news.detik.com/berita-jawa-barat/d-4553707/penampakan-sampah-menumpuk-di-pantai-loji-geopark-ciletuh?_ga=2.136302329.954688674.1582443345-236416681.1571536150,0.66,0.85,0.71,0,1
detik,https://travel.detik.com/travel-news/d-4546939/tahun-2021-ke-geopark-ciletuh-bisa-lewat-laut?_ga=2.168857193.954688674.1582443345-236416681.1571536150,0.66,0.85,0.76,0,1
detik,https://travel.detik.com/dtravelers_photos/u-4434179/dihipnotis-keindahan-geopark-ciletuh?_ga=2.198625639.954688674.1582443345-236416681.1571536150,0.66,0.72,0.35,0,1
detik,https://travel.detik.com/domestic-destination/d-4547725/10-tempat-wisata-di-geopark-ciletuh-surga-tersembunyi-di-sukabumi,0.75,0.79,0.84,0,1
detik,https://news.detik.com/berita-jawa-barat/d-4623621/mobil-masuk-jurang-di-jalan-geopark-ciletuh-sopir-tewas,0.66,0.76,0.26,0,1
detik,https://travel.detik.com/dtravelers_photos/u-4396105/kau-memang-cantik-geopark-ciletuh?_ga=2.228640468.954688674.1582443345-236416681.1571536150,0.66,0.82,0.35,0,1
inews,https://www.inews.id/travel/destinasi/wisata-pelabuhanratu-sambil-jelajahi-hutan-di-kawasan-geopark-ciletuh,0.81,0.9,0.66,0.87,1
inews,https://www.inews.id/travel/destinasi/jelajahi-geopark-ciletuh-yang-mendunia-ada-taman-purba-dan-alluvial,0.72,0.9,0.66,0.79,1
inews,https://www.inews.id/travel/destinasi/potensi-geopark-indonesia-dipromosikan-di-markas-unesco-paris,0.53,0.79,0.53,0.83,1
inews,https://www.inews.id/travel/destinasi/sail-to-natuna-promosikan-kawasan-wisata-geopark-nasional,0.69,0.75,0.58,0.68,1
inews,https://www.inews.id/news/nasional/geopark-indonesia-inews-raih-penghargaan-kpid-dki-jakarta-awards-2019,0.58,0.58,0.53,0.78,0
inews,https://www.inews.id/travel/destinasi/geopark-indonesia-juara-1-anugerah-pewarta-wisata-indonesia-2019,0.58,0.69,0.53,0.78,1
inews,https://www.inews.id/travel/destinasi/menelusuri-keindahan-alam-dan-adat-warga-sijunjung,0.27,0.66,0.53,0.78,0
inews,https://www.inews.id/travel/destinasi/mengenal-kabuenga-tradisi-masyarakat-wakatobi-mencari-jodoh,0,0.75,0.53,0.78,1
inews,https://www.inews.id/travel/destinasi/wisata-ke-sulawesi-utara-pasar-ekstrem-di-tomohon-jadi-daya-tarik-turis,0.22,0.69,0.53,0.78,0
inews,https://www.inews.id/travel/destinasi/ujung-kulon-diajukan-ke-unesco-menjadi-geopark-dunia,0.53,0.88,0.22,0.68,1
jpnn,https://www.jpnn.com/news/geopark-ciletuh-palabuhanratu-sepi-pengunjung-ini-penyebabnya,0.72,0.85,0.76,0.89,1
jpnn,https://www.jpnn.com/news/sentral-geopark-ciletuh-pemkab-sukabumi-geser-kantor-pemerintahan-ke-palabuhanratu,0.76,0.37,0.79,0.89,0
jpnn,https://www.jpnn.com/news/bocah-6-tahun-tenggelam-di-sungai-geopark-ciletuh,0.66,0.85,0.72,0.85,1
jpnn,https://www.jpnn.com/kemenkumham/news/bea-cukai-bogor-lirik-potensi-kabupaten-sukabumi,0.26,0.97,0.26,0.6,1
kompas,https://regional.kompas.com/read/2019/07/06/11554471/rp-126-miliar-untuk-bangun-amfiteater-geopark-ciletuh-palabuhanratu,0.72,0.92,0.76,0,1
kompas,https://regional.kompas.com/read/2019/06/25/17212361/paus-terdampar-di-kawasan-geopark-ciletuh-berjenis-hidung-botol-masuk-satwa,0.73,0.82,0.76,0,1
kompas,https://regional.kompas.com/read/2019/06/24/20533261/heboh-paus-terdampar-di-geopark-ciletuh-tubuh-penuh-luka-hingga-jadi,0.66,0.87,0.76,0,1
kompas,https://regional.kompas.com/read/2019/04/10/16382261/pemprov-jabar-akan-bentuk-unit-khusus-urus-geopark-ciletuh,0.66,0.77,0.71,0,1
kompas,https://travel.kompas.com/read/2019/03/29/140800227/dari-sukabumi-sampai-flores-5-destinasi-di-indonesia-untuk-road-trip-,0.26,0.87,0.66,0,1
kompas,https://pesonaindonesia.kompas.com/read/2019/09/21/184729827/jalan-jalan-di-sekitar-geopark-ciletuh,0.66,0.75,0.66,0,1
kontan,https://keuangan.kontan.co.id/news/kampanye-anti-sampah-plastik-jamkrindo-mulai-berdayakan-masyarakat-kawasan-ciletuh?page=all,0.5,0.89,0,0.24,1
kumparan,https://kumparan.com/sukabumi-update/pengguna-jalur-geopark-ciletuh-girimukti-sukabumi-diperiksa-suhu-tubuh-1tCv7D7jgso,0.71,0.8,0.26,0.44,1
kumparan,https://kumparan.com/sukabumi-update/pantai-palangpang-penuh-sampah-ikon-geopark-ciletuh-sukabumi-kotor-1se7ocUbeEE,0.71,0.75,0.26,0.44,1
kumparan,https://kumparan.com/kumparannews/banjir-dan-longsor-kepung-wilayah-di-sekitar-geopark-ciletuh-sukabumi-1sr9wUTpvKI,0.71,0.89,0.71,0.87,1
kumparan,https://kumparan.com/sukabumi-update/geopark-ciletuh-dikepung-bencana-bupati-sukabumi-opd-harus-lebih-responsif-1srGDUFgPgk,0.71,0.63,0.81,0.87,1
kumparan,https://kumparan.com/sukabumi-update/studio-alam-girimukti-spot-favorit-pre-wedding-di-geopark-ciletuh-1scc2nofAZv,0.72,0.85,0.34,0.49,1
kumparan,https://kumparan.com/kumparantravel/pemkab-sukabumi-diminta-fokus-kembangkan-geopark-ciletuh-1sE5g72DOdC,0.71,0.79,0.75,0.79,1
kumparan,https://kumparan.com/sukabumi-update/sampah-di-geopark-ciletuh-palabuhanratu-capai-600-ton-saat-masa-libur-1sZ8Irp3AhJ,0.72,0.85,0.26,0.44,1
kumparan,https://kumparan.com/kumparanoto/menikmati-alam-geopark-ciletuh-dengan-wuling-almaz-1552021476560854364,0.72,0.71,0.66,0.75,1
kumparan,https://kumparan.com/sukabumi-update/bangkai-paus-dikubur-di-pesisir-pantai-geopark-ciletuh-1rLPpySg67d,0.66,0.77,0.71,0.79,1
kumparan,https://kumparan.com/kumparantravel/eksotisme-bukit-panenjoan-spot-wisata-instagenic-di-geopark-ciletuh-1550795404674471642,0.7,0.89,0.7,0.75,1
kumparan,https://kumparan.com/sukabumi-update/bksda-paus-mati-di-geopark-ciletuh-jenis-pilot-1rLkXSeEVyG,0.66,0.82,0.26,0.44,1
kumparan,https://kumparan.com/sukabumi-update/geopark-ciletuh-ciemas-mulai-diserbu-pengunjung-luar-daerah-1rEJUbXL2Df,0.66,0.85,0.26,0.44,1
kumparan,https://kumparan.com/sukabumi-update/kebakaran-lahan-kembali-terjadi-di-kawasan-geopark-ciletuh-ciemas-1rYulT4sJ2s,0.73,0.56,0.26,0.44,0
kumparan,https://kumparan.com/kumparantravel/5-penginapan-dekat-geopark-ciletuh-yang-bikin-liburanmu-makin-seru-1553762313675723717,0.66,0.88,0.71,0.79,1
kumparan,https://kumparan.com/sukabumi-update/bangkai-paus-terdampar-di-persisir-geopark-ciletuh-tak-jadi-dikubur-1rLMclqbogo,0.66,0.71,0.71,0.79,1
kumparan,https://kumparan.com/sukabumi-update/puncak-darma-punya-spot-baru-buat-nikmati-panorama-geopark-ciletuh-1rokBxMW3tP,0.66,0.8,0.26,0.44,1
kumparan,https://kumparan.com/sukabumi-update/objek-wisata-di-geopark-ciletuh-terancam-rusak-oleh-pengolahan-emas-1sBfNlbUWUY,0.7,0.8,0.26,0.44,1
kumparan,https://kumparan.com/sukabumi-update/berwisata-di-geopark-ciletuh-ciemas-naik-perahu-bisa-snorkeling-juga-1rrnHhwzvSc,0.7,0.75,0.34,0.49,1
kumparan,https://kumparan.com/ngopibareng/geopark-ciletuh-dapat-pengakuan-unesco-global-geopark,0.66,0.9,0,0,1
kumparan,https://kumparan.com/kumparantravel/7-wisata-alam-di-kawasan-geopark-ciletuh-yang-menarik-untuk-dikunjungi-1550555588295463614,0.81,0.85,0.75,0.79,1
kumparan,https://kumparan.com/sukabumi-update/bksda-paus-mati-di-geopark-ciletuh-jenis-pilot-1rLkXSeEVyG,0.66,0.82,0.26,0.44,1
kumparan,https://kumparan.com/sukabumi-update/geopark-ciletuh-ciemas-mulai-diserbu-pengunjung-luar-daerah-1rEJUbXL2Df,0.66,0.85,0.26,0.44,1
kumparan,https://kumparan.com/sukabumi-update/kebakaran-lahan-kembali-terjadi-di-kawasan-geopark-ciletuh-ciemas-1rYulT4sJ2s,0.73,0.56,0.26,0.44,0
kumparan,https://kumparan.com/kumparantravel/5-penginapan-dekat-geopark-ciletuh-yang-bikin-liburanmu-makin-seru-1553762313675723717,0.66,0.88,0.71,0.79,1
kumparan,https://kumparan.com/sukabumi-update/bangkai-paus-terdampar-di-persisir-geopark-ciletuh-tak-jadi-dikubur-1rLMclqbogo,0.66,0.71,0.71,0.79,1
kumparan,https://kumparan.com/sukabumi-update/puncak-darma-punya-spot-baru-buat-nikmati-panorama-geopark-ciletuh-1rokBxMW3tP,0.66,0.8,0.26,0.44,1
kumparan,https://kumparan.com/sukabumi-update/objek-wisata-di-geopark-ciletuh-terancam-rusak-oleh-pengolahan-emas-1sBfNlbUWUY,0.7,0.8,0.26,0.44,1
kumparan,https://kumparan.com/sukabumi-update/berwisata-di-geopark-ciletuh-ciemas-naik-perahu-bisa-snorkeling-juga-1rrnHhwzvSc,0.7,0.75,0.34,0.49,1
kumparan,https://kumparan.com/ngopibareng/geopark-ciletuh-dapat-pengakuan-unesco-global-geopark,0.66,0.9,0,0,1
kumparan,https://kumparan.com/kumparantravel/7-wisata-alam-di-kawasan-geopark-ciletuh-yang-menarik-untuk-dikunjungi-1550555588295463614,0.81,0.85,0.75,0.79,1
liputan6,https://www.liputan6.com/news/read/4105355/geopark-ciletuh-izu-peninsula-geopark-jalin-kerjasama-tingkatkan-ekonomi-dan-pariwisata,0.66,0.81,0.66,0.87,1
liputan6,https://www.liputan6.com/lifestyle/read/3954699/gaya-macho-ridwan-kamil-kendarai-motor-klasik-mewah-sambil-dipeluk-istri,0,0.82,0.66,0.87,1
liputan6,https://www.liputan6.com/regional/read/4181120/dampak-banjir-dan-longsor-akses-ke-geopark-ciletuh-terganggu?source=search,0.66,0.89,0.48,0.81,1
liputan6,https://www.liputan6.com/news/read/4105355/geopark-ciletuh-izu-peninsula-geopark-jalin-kerjasama-tingkatkan-ekonomi-dan-pariwisata?source=search,0.66,0.81,0.66,0.87,1
liputan6,https://www.liputan6.com/regional/read/4181120/dampak-banjir-dan-longsor-akses-ke-geopark-ciletuh-terganggu?source=search,0.66,0.89,0.48,0.81,1
liputan6,https://www.liputan6.com/news/read/4105355/geopark-ciletuh-izu-peninsula-geopark-jalin-kerjasama-tingkatkan-ekonomi-dan-pariwisata?source=search,0.66,0.81,0.66,0.87,1
liputan6,https://www.liputan6.com/lifestyle/read/3795375/geopark-ciletuh-pelabuhanratu-pesona-alam-indonesia-yang-wajib-dikunjungi?source=search,0.77,0.89,0.72,0.83,1
liputan6,https://www.liputan6.com/regional/read/3730388/geopark-ciletuh-wisata-baru-terpopuler-yang-memancing-rasa-penasaran?source=search,0.7,0.87,0.75,0.91,1
liputan6,https://www.liputan6.com/lifestyle/read/3667049/rekor-dunia-tercipta-di-pembukaan-festival-geopark-ciletuh-2018?source=search,0.66,0.75,0,0.58,1
liputan6,https://www.liputan6.com/lifestyle/read/3666503/upacara-adat-syukur-bumi-awali-festival-geopark-ciletuh?source=search,0.72,0.81,0,0,1
liputan6,https://www.liputan6.com/lifestyle/read/3624696/top-3-lifestyle-keindahan-curug-awang-di-geopark-ciletuh?source=search,0.66,0.85,0,0,1
liputan6,https://www.liputan6.com/lifestyle/read/3623700/menyambangi-curug-awang-air-terjun-hits-di-geopark-ciletuh?source=search,0.66,0.81,0.66,0.87,1
liputan6,https://www.liputan6.com/regional/read/3550022/tantangan-pertahankan-ciletuh-pelabuhanratu-sebagai-geopark-dunia?source=search,0.72,0.76,0.71,0.91,1
liputan6,https://www.liputan6.com/lifestyle/read/3459804/geopark-ciletuh-resmi-bertitel-unesco-global-geopark?source=search,0.66,0.85,0.72,0.83,1
liputan6,https://www.liputan6.com/regional/read/3458679/ciletuh-masuk-bagian-geopark-dunia-unesco?source=search,0.66,0.8,0.71,0.91,1
liputan6,https://www.liputan6.com/bisnis/read/3326907/kembangkan-geopark-ciletuh-jabar-bakal-terbitkan-obligasi?source=search,0.66,0.81,0.66,0.83,1
liputan6,https://www.liputan6.com/otomotif/read/3235253/jajal-akses-baru-geopark-ciletuh-rider-ini-terperosok-ke-jurang?source=search,0.66,0.76,0.47,0.84,1
liputan6,https://www.liputan6.com/otomotif/read/3234224/perhatikan-hal-ini-sebelum-menjajal-akses-baru-geopark-ciletuh?source=search,0.66,0.75,0.66,0.79,1
liputan6,https://www.liputan6.com/citizen6/read/3230594/geopark-ciletuh-segera-ditetapkan-menjadi-taman-dunia?source=search,0.72,0.9,0.66,0.83,1
liputan6,https://www.liputan6.com/regional/read/3199668/longsor-kembali-terjang-akses-menuju-geopark-nasional-ciletuh?source=search,0.7,0.85,0.75,0.87,1
liputan6,https://www.liputan6.com/citizen6/read/3189494/5-air-terjun-super-cantik-ada-di-satu-kawasan-geopark-ciletuh?source=search,0.73,0.96,0.66,0.83,1
liputan6,https://www.liputan6.com/lifestyle/read/3128908/menpar-promosikan-geopark-ciletuh?source=search,0.66,0.92,0.66,0.83,1
liputan6,https://www.liputan6.com/regional/read/3084992/kebakaran-hutan-lindung-tak-pengaruhi-penilaian-geopark-ciletuh?source=search,0.66,0.82,0.71,0.95,1
liputan6,https://www.liputan6.com/regional/read/3083227/kebakaran-landa-hutan-lindung-geopark-ciletuh-terancam?source=search,0.66,0.84,0.75,0.95,1
liputan6,https://www.liputan6.com/regional/read/3050393/bandara-dan-jalan-bakal-permudah-akses-menuju-geopark-ciletuh?source=search,0.66,0.88,0.75,0.91,1
liputan6,https://www.liputan6.com/lifestyle/read/3042768/agustus-ini-status-geopark-ciletuh-akan-naik-level?source=search,0.66,0.92,0.66,0.91,1
liputan6,https://www.liputan6.com/lifestyle/read/2866256/setahun-jadi-geopark-apa-kabar-ciletuh?source=search,0.66,0.89,0.72,0.83,1
liputan6,https://www.liputan6.com/regional/read/4064770/pagi-yang-menawan-di-curug-awang,0,0.85,0.66,0.87,1
liputan6,https://www.liputan6.com/news/read/3926187/antam-kembangkan-taman-buah-nusantara-di-bogor,0.27,0.84,0,0,1
liputan6,https://www.liputan6.com/lifestyle/read/4073500/natuna-siap-ajukan-diri-jadi-unesco-global-geopark,0.53,0.69,0.62,0.87,1
liputan6,https://www.liputan6.com/lifestyle/read/3913153/menteri-pariwisata-siap-daftarkan-2-geopark-lain-di-unesco,0.53,0.75,0.53,0.79,1
liputan6,https://www.liputan6.com/news/read/4109459/bappenas-optimis-geopark-banyuwangi-masuk-unesco-global-geopark,0.53,0.58,0,0.68,0
liputan6,https://www.liputan6.com/regional/read/3860964/selangkah-lagi-banyuwangi-bakal-jadi-geopark-dunia,0.53,0.75,0.69,0.75,1
liputan6,https://www.liputan6.com/bisnis/read/4081183/persiapan-natuna-ajukan-diri-jadi-unesco-global-geopark,0.53,0.58,0.53,0.88,0
liputan6,https://www.liputan6.com/health/read/4107073/bali-gravity-enduro-pacu-adrenalin-di-rock-garden-batur-unesco-global-geopark,0.53,0.6,0,0,0
liputan6,https://www.liputan6.com/news/read/4011283/pengembangan-geopark-banyuwangi-didukung-penuh-bppt,0.53,0.76,0.53,0.87,1
liputan6,https://www.liputan6.com/lifestyle/read/4015542/16-geosite-songsong-atraksi-danau-toba-berkelas-dunia,0,0.82,0,0.69,1
liputan6,https://www.liputan6.com/regional/read/4017947/geopark-bukit-penyabung-dari-kampung-menuju-wisata-internasional,0.58,0.73,0.53,0.79,1
liputan6,https://www.liputan6.com/news/read/4111798/kemenpar-gelar-fgd-penyusunan-master-plan-geopark-banyuwangi,0.53,0.71,0,0.68,1
liputan6,https://www.liputan6.com/news/read/4036916/masyarakat-wajib-tahu-gerakan-sadar-wisata-dari-kemenpar,0.22,0.84,0.58,0.84,1
mediaindonesia,https://mediaindonesia.com/read/detail/235115-lipi-berencana-bangun-pltamh-di-kawasan-geopark-ciletuh,0.73,0.8,0.53,0,1
mediaindonesia,https://mediaindonesia.com/read/detail/237541-bea-cukai-bogor-lirik-potensi-kabupaten-sukabumi,0.26,0.97,0.3,0,1
mediaindonesia,https://mediaindonesia.com/read/detail/235432-masih-ada-penambangan-liar-bupati-bogor-mengaku-kecolongan,0,0.65,0,0,0
mediaindonesia,https://mediaindonesia.com/read/detail/277393-pemprov-jabar-bentuk-tim-khusus-tangani-pencemaran-kali-bekasi,0,0.77,0,0,1
mediaindonesia,https://mediaindonesia.com/read/detail/253594-bergerak-bersama-untuk-wisata,0.22,0.81,0,0,1
merdeka,https://www.merdeka.com/uang/pengembangan-infrastruktur-geopark-ciletuh-butuh-sentuhan-tangan-pemerintah-pusat.html,0.66,0.85,0.26,0.49,1
merdeka,https://www.merdeka.com/peristiwa/amphitheatre-geopark-ciletuh-diakselerasi-rampung-sebelum-evaluasi-unesco.html,0.66,0.92,0.35,0.44,1
merdeka,https://www.merdeka.com/gaya/jelajah-alam-dan-budaya-lewat-festival-geopark-ciletuh-2015.html,0.72,0.92,0,0.24,1
merdeka,https://m.merdeka.com/bandung/komunitas/bio-farma-terima-apresiasi-dari-ggn-terkait-geopark-ciletuh-180116k.html,0.66,0.93,0.54,0,1
okezone,https://lifestyle.okezone.com/read/2019/11/06/406/2126222/intip-liburan-wulan-guritno-ke-geopark-ciletuh-seksi-pakai-bikini-hitam?page=3,0.66,0.79,0.7,0.88,1
okezone,https://economy.okezone.com/read/2016/11/28/470/1553053/pemerintah-siapkan-rp200-m-kembangkan-geopark-nasional-ciletuh,0.7,0.88,0,0,1
okezone,https://lifestyle.okezone.com/read/2016/06/27/406/1426243/inilah-6-titik-geopark-ciletuh-yang-wajib-dijelajahi,0.66,0.81,0.4,0,1
okezone,https://lifestyle.okezone.com/read/2015/12/23/406/1273299/taman-alam-ciletuh-ditargetkan-jadi-geopark-dunia,0.77,0.87,0,0,1
okezone,https://news.okezone.com/read/2014/03/03/527/949277/surga-dunia-itu-bernama-geopark-ciletuh,0.66,0.84,0,0,1
okezone,https://lifestyle.okezone.com/read/2019/06/13/406/2066187/promosikan-natuna-sebagai-kawasan-wisata-geopark-nasional-sail-to-natuna-pukau-wisman,0.69,0.69,0.58,0,1
okezone,https://news.okezone.com/read/2019/03/26/1/2035018/kembangkan-taman-buah-nusantara-antam-tingkatkan-perekonomian-masyarakat-bogor,0.27,0.84,0.58,0.8,1
okezone,https://news.okezone.com/read/2019/07/06/1/2075550/reydonnyzar-moenek-ajak-perantau-minang-kembangkan-geopark-silokek-sebagai-destinasi-wisata,0.58,0.75,0.53,0.58,1
okezone,https://lifestyle.okezone.com/read/2019/10/04/406/2112912/keindahan-destinasi-wisata-di-indonesia-dipromosikan-lewat-apwi,0.22,0.58,0.22,0.44,0
okezone,https://lifestyle.okezone.com/read/2019/09/23/406/2108396/adakan-minang-geopark-run-kemenpar-yakin-jumlah-wisatawan-naik-2-kali-lipat?page=3,0.53,0.79,0,0.22,1
okezone,https://lifestyle.okezone.com/read/2019/05/07/406/2052635/kemenpar-dorong-taman-nasional-komodo-jadi-destinasi-wisata-kelas-dunia,0.42,0.5,0.36,0.42,0
okezone,https://lifestyle.okezone.com/read/2019/02/09/406/2015652/yuk-intip-5-keindahan-pulau-belitung-yang-menakjubkan,0,0.75,0.22,0.63,1
pikiran-rakyat,https://www.pikiran-rakyat.com/jawa-barat/pr-01340718/geopark-ciletuh-palabuhanratu-jadi-kawasan-lindung-izin-belasan-penambang-bisa-dicabut,0.78,0.85,0.72,0.84,1
pikiran-rakyat,https://www.pikiran-rakyat.com/jawa-barat/pr-01337205/pungli-dan-harga-makanan-mahal-geopark-ciletuh-palabuhanratu-terancam-ditinggalkan-wisatawan,0.72,0.85,0.72,0.79,1
pikiran-rakyat,https://www.pikiran-rakyat.com/jawa-barat/pr-01331950/geopark-ciletuh-diharapkan-jadi-wisata-kelas-dunia-masalah-sampah-disoroti,0.7,0.89,0.71,0.89,1
pikiran-rakyat,https://www.pikiran-rakyat.com/advertorial/pr-01322627/geopark-ciletuh-izu-peninsula-geopark-jalin-kerjasama,0.66,0.81,0.53,0.79,1
pikiran-rakyat,https://www.pikiran-rakyat.com/jawa-barat/pr-01314844/rp-126-miliar-untuk-membangun-infrastruktur-geopark-ciletuh,0.66,0.92,0.72,0.79,1
pikiran-rakyat,https://www.pikiran-rakyat.com/jawa-barat/pr-01311721/puncak-julang-destinasi-wisata-alternatif-geopark-ciletuh-palabuhanratu,0.75,0.85,0.75,0.89,1
pikiran-rakyat,https://www.pikiran-rakyat.com/jawa-barat/pr-01303991/kini-indonesia-punya-15-geopark-ciletuh-palabuhanratu-paling-populer-433879,0.72,0.95,0.72,0.84,1
pikiran-rakyat,https://www.pikiran-rakyat.com/jawa-barat/pr-01303159/setelah-ciletuh-jabar-kembangkan-potensi-geopark-di-4-wilayah-lain-432833,0.66,0.92,0.53,0.79,1
pikiran-rakyat,https://www.pikiran-rakyat.com/jawa-barat/pr-01302203/tari-jipeng-pecahkan-rekor-di-festival-geopark-ciletuh-431552,0.66,0.89,0.66,0.79,1
pikiran-rakyat,https://www.pikiran-rakyat.com/jawa-barat/pr-01299835/iriawan-geopark-ciletuh-palabuhanratu-harus-jadi-perhatian-dunia-428209,0.72,0.82,0.66,0.79,1
pikiran-rakyat,https://www.pikiran-rakyat.com/jawa-barat/pr-01297821/aher-ajak-investor-jadi-bagian-mempercantik-geopark-dunia-ciletuh,0.66,0.85,0.72,0.79,1
pikiran-rakyat,https://www.pikiran-rakyat.com/jawa-barat/pr-01297300/ini-dia-penampakan-sertifikat-ugg-untuk-ciletuh-palabuanratu-424657,0.72,0.82,0.66,0.79,1
pikiran-rakyat,https://www.pikiran-rakyat.com/jawa-barat/pr-01296266/pemprov-jabar-genjot-infrastruktur-destinasi-wisata-dunia-geopark-ciletuh,0.7,0.87,0.72,0.79,1
pikiran-rakyat,https://www.pikiran-rakyat.com/jawa-barat/pr-01295981/unesco-resmi-akui-geopark-ciletuh-palabuhanratu-destinasi-wisata-dunia-422844,0.75,0.85,0.72,0.87,1
pikiran-rakyat,https://www.pikiran-rakyat.com/jawa-barat/pr-01292772/penebangan-pohon-secara-sporadis-ancam-keasrian-wisata-geopark-ciletuh-418500,0.7,0.88,0.71,0.89,1
pikiran-rakyat,https://www.pikiran-rakyat.com/bandung-raya/pr-01292414/bandara-baru-akan-dibangun-di-geopark-ciletuh-418005,0.66,0.71,0.71,0.89,1
pikiran-rakyat,https://www.pikiran-rakyat.com/jawa-barat/pr-01292326/longsor-timbun-jalan-lama-menuju-geopark-ciletuh-417897,0.66,0.79,0.66,0.84,1
pikiran-rakyat,https://www.pikiran-rakyat.com/ekonomi/pr-01292073/wiwiek-sisto-widayat-dan-sejumput-asa-bagi-tatar-priangan-417568,0,0.75,0,0.35,1
pikiran-rakyat,https://www.pikiran-rakyat.com/jawa-barat/pr-01291640/atraksi-pilot-paralayang-daya-tarik-liburan-tahun-baru-ke-geopark-ciletuh,0.66,0.87,0.71,0.89,1
pikiran-rakyat,https://www.pikiran-rakyat.com/jawa-barat/pr-01291402/sempat-rusak-dan-berlubang-jalur-sabuk-geopark-ciletuh-kini-mulus-416675,0.66,0.89,0.66,0.79,1
pikiran-rakyat,https://www.pikiran-rakyat.com/jawa-barat/pr-01290247/jelang-kedatangan-joko-widodo-sejumlah-sarana-geopark-ciletuh-palabuhanratu,0.72,0.88,0.76,0.89,1
pikiran-rakyat,https://www.pikiran-rakyat.com/jawa-barat/pr-01322636/kembangkan-geopark-sukabumi-jalin-kerja-sama-dengan-jepang?page=2,0.59,0.53,0.71,0.89,1
pikiran-rakyat,https://www.pikiran-rakyat.com/jawa-barat/pr-01327053/gunung-galunggung-tasikmalaya-diwacanakan-jadi-geopark-jangan-abaikan-mitigasi?page=2,0.53,0.52,0.58,0.88,0
pikiran-rakyat,https://www.pikiran-rakyat.com/bandung-raya/pr-01326924/sesar-lembang-layak-jadi-geopark-yang-mengedepankan-pengurangan-risiko-bencana,0.53,0.73,0.53,0.96,1
pikiran-rakyat,https://www.pikiran-rakyat.com/jawa-barat/pr-01325782/guna-meningkatkan-perekonomian-di-tasikmalaya-geopark-galunggung-siap-ditetapkan-oktober-2020,0.53,0.65,0.53,0.84,0
radarsukabumi,https://radarsukabumi.com/kabupaten-sukabumi/jamkrindo-hijaukan-geopark-ciletuh/,0.71,0.89,0.72,0.79,1
radarsukabumi,https://radarsukabumi.com/kabupaten-sukabumi/pemkab-sukabumi/geoprak-ciletuh-berkembang-10-anak-dibawah-umur-hamil-diluar-nikah/,0.47,0.87,0.76,0.79,1
radarsukabumi,https://radarsukabumi.com/jawa-barat/dprd-jabar/lina-pemprov-jabar-tak-serius-kembangkan-geopark-ciletuh/,0.66,0.75,0.72,0.79,1
radarsukabumi,https://radarsukabumi.com/berita-utama/geopark-ciletuh-dan-jembatan-gantung-situgunung-jadi-wisata-unggulan-jabar/,0.7,0.87,0.72,0.83,1
radarsukabumi,https://radarsukabumi.com/kabupaten-sukabumi/pemkab-sukabumi/korpri-gelar-seminar-optimalisasi-kawasan-geopark-ciletuh-palabuhanratu-digelar/,0.82,0.88,0.76,0.79,1
radarsukabumi,https://radarsukabumi.com/kabupaten-sukabumi/pemkab-sukabumi/masterplan-geopark-ciletuh-palabuhanratu-disempurnakan/,0.76,0.82,0.72,0.79,1
radarsukabumi,https://radarsukabumi.com/kabupaten-sukabumi/pemkab-sukabumi/pengembangan-geopark-ciletuh-butuh-dukungan-bersama/,0.71,0.87,0.72,0.79,1
radarsukabumi,https://radarsukabumi.com/berita-utama/bocah-asal-ciemas-tewas-tenggelam-di-geopark-ciletuh-palabuhanratu/,0.72,0.79,0.72,0.79,1
radarsukabumi,https://radarsukabumi.com/berita-utama/polisi-selidiki-penyebab-kebakaran/,0,0.77,0.76,0.79,1
radarsukabumi,https://radarsukabumi.com/berita-utama/kawasan-karst-geopark-ciletuh-terancam-hancur-ditamban/,0.73,0.87,0.76,0.79,1
radarsukabumi,https://radarsukabumi.com/kabupaten-sukabumi/pemkab-sukabumi/borderline-ekonimic-summit-bahas-twin-geopark-pongkor-ciletuh/,0.71,0.77,0.71,0.79,1
radarsukabumi,https://radarsukabumi.com/kabupaten-sukabumi/cpuggp-go-internasional-jalin-kesepahaman-dengan-jepang/,0.54,0.88,0.72,0.79,1
radarsukabumi,https://radarsukabumi.com/berita-utama/sekda-curhat-soal-geopark/,0.53,0.88,0.66,0.76,1
radarsukabumi,https://radarsukabumi.com/berita-utama/status-ugg-ciletuh-terancam-dicabut/,0.66,0.89,0.72,0.79,1
radarsukabumi,https://radarsukabumi.com/kabupaten-sukabumi/pemkab-sukabumi/geopark-ciletuh-masuk-top-100-woderful-event-kementrian-pariwisata/,0.71,0.79,0.75,0.79,1
radarsukabumi,https://radarsukabumi.com/berita-utama/geopark-ciletuh-palabuhanratu-dibangun-aher-diabaikan-emil/,0.72,0.85,0.72,0.79,1
radarsukabumi,https://radarsukabumi.com/berita-utama/geopark-dukung-green-province-2025/,0.53,0.92,0.72,0.84,1
radarsukabumi,https://radarsukabumi.com/berita-utama/sdm-dan-infrastruktur-jadi-prioritas-konsep-wisata-geopark-ciletuh-palabuhanratu/,0.75,0.84,0.34,0.34,1
radarsukabumi,https://radarsukabumi.com/kabupaten-sukabumi/infrastruktur/potensi-kabupaten-sukabumi-dilirik-bea-cukai-bogor/,0.26,0.97,0.26,0.26,1
radarsukabumi,https://radarsukabumi.com/berita-utama/jembatan-gantung-situ-gunung-pengelola-untung-pemkab-buntung/,0,0.96,0.26,0.79,1
radarsukabumi,https://radarsukabumi.com/kabupaten-sukabumi/objek-wisata-dibalik-geopark/,0.63,0.89,0.72,0.79,1
radarsukabumi,https://radarsukabumi.com/berita-utama/habiskan-rp500-m-hasil-baru-rp386-juta/,0,0.92,0.72,0.79,1
radarsukabumi,https://radarsukabumi.com/jawa-barat/geopark-rajamandala-butuh-uang-pemprov/,0.53,0.88,0.53,0.59,1
radarsukabumi,https://radarsukabumi.com/berita-utama/pemprov-kepincut-wisata-hanjeli/2/,0.22,0.58,0.34,0.79,0
radarsukabumi,https://radarsukabumi.com/jawa-barat/geopark-rajamandala-butuh-uang-pemprov/,0.53,0.88,0.53,0.59,1
republika,https://republika.co.id/berita/q2ldjb368/perum-jamkrindo-tanam-ratusan-pohon-di-geopark-ciletuh,0.66,0.89,0.66,0.78,1
republika,https://republika.co.id/berita/q1xz2f423/pemkab-sukabumi-godog-ltemgtmasterplanltemgt-kembangkan-geopark-ciletuh,0.71,0.82,0.71,0.79,1
republika,https://republika.co.id/berita/q1gtcu383/sukabumi-ingin-jadikan-cgf-event-skala-internasional,0.26,0.85,0.71,0.75,1
republika,https://republika.co.id/berita/q0kncn313/geopark-ciletuh-kerja-sama-dengan-geopark-di-jepang,0.66,0.88,0.66,0.91,1
republika,https://republika.co.id/berita/q0kh2m428/ui-kembangkan-pusat-taman-botani-di-sukabumi,0.37,0.96,0.81,0.84,1
republika,https://republika.co.id/berita/pv1tje216/rolexplore-bermain-di-ciletuh-2selesai,0.4,0.8,0.76,0,1
republika,https://republika.co.id/berita/puzf8i423/pemprov-jabar-komitmen-kembangkan-geopark-ciletuh,0.66,0.92,0.66,0.75,1
republika,https://republika.co.id/berita/ppqky8335/pemprov-jabar-akan-bentuk-unit-khusus-geopark-ciletuh,0.66,0.71,0.76,0.79,1
republika,https://republika.co.id/berita/ppq2tg328/ekonomi-warga-geopark-ciletuh-sukabumi-terus-menggeliat,0.71,0.92,0.7,0.75,1
republika,https://republika.co.id/berita/pxx9it284/sukabumi-bangun-pelabuhan-hubungkan-ke-kawasan-emgeoparkem,0.4,0.85,0.59,0.87,1
republika,https://republika.co.id/berita/puitbp216/rolexplore-bermain-di-ciletuh-1,0.4,0.78,0.76,0,1
republika,https://republika.co.id/berita/po594j438/geopark-dan-jembatan-gantung-sukabumi-jadi-magnet-wisatawan,0.59,0.96,0.63,0.91,1
republika,https://republika.co.id/berita/pz0ftp335/vokasi-ui-berdayakan-warga-di-geopark-pongkor,0.53,0.64,0.53,0.73,0
republika,https://republika.co.id/berita/plsg52330/dpr-apresiasi-bupati-bogor-dalam-optimalisasi-pariwisata,0,0.53,0.53,0.64,0
republika,https://republika.co.id/berita/q39ke6428/danau-toba-dianggap-telah-penuhi-empat-pilar-geopark,0.53,0.58,0.53,0.87,0
republika,https://republika.co.id/berita/q1j6tl284/natuna-akhir-2019-diusulkan-jadi-situs-geopark-unesco,0.53,0.78,0.53,0.87,1
republika,https://republika.co.id/berita/pv1vl9284/permintaan-sultan-soal-pengelolaan-geopark-gunung-sewu,0.53,0.71,0.53,0.92,1
republika,https://republika.co.id/berita/po78yq459/geowisata-jadi-sarana-edukasi-bencana,0,0.76,0.53,0.91,1
republika,https://www.republika.co.id/berita/nasional/daerah/19/10/18/pzkf2j384-galunggung-akan-diusulkan-jadi-geopark-internasional,0.58,0.75,0.62,0.91,1
republika,https://republika.co.id/berita/pzv4t4366/danau-singkarak-bertambah-luas-setiap-tahun,0,0.75,0.58,0.83,1
republika,https://republika.co.id/berita/pxxdga368/jabar-minta-kbb-inventarisasi-lahan-karst-citatah,0,0.75,0.58,0.83,1
republika,https://republika.co.id/berita/pt1las368/sail-to-natuna-promosikan-kawasan-geopark-nasional,0.66,0.69,0.58,0.83,1
republika,https://nasional.republika.co.id/berita/q1j6tl284/natuna-akhir-2019-diusulkan-jadi-situs-geopark-unesco,0.53,0.78,0.53,0.83,1
republika,https://www.republika.co.id/berita/pwrye4428/pengembangan-geopark-butuh-bantuan-pemerintah-pusat,0.53,0.82,0.79,0.83,1
republika,https://republika.co.id/berita/poig9c383/pemkab-pangandaran-rintis-emgeoparkem,0,0.79,0.66,0.66,1
republika,https://www.republika.co.id/berita/pw5jgq382/nasional/umum/19/07/31/pvi6g8335-jokowi-dorong-taman-bumi-kaldera-toba-diakui-unesco,0.45,0.83,0.39,0.66,1
republika,https://republika.co.id/berita/pvf4m8368/unesco-puas-dengan-pengelolaan-geopark-gunung-sewu,0.53,0.67,0.53,0.65,1
republika,https://republika.co.id/berita/pqjy2c414/geopark-nasional-silokek-perkaya-destinasi-wisata-sumbar,0.62,0.75,0.58,0.65,1
republika,https://republika.co.id/berita/pqhtww423/nasional/daerah/19/04/24/pqgm2w423-geopark-sumbar-diharapkan-mampu-membangun-ekonomi-warga,0.58,0.84,0.53,0.62,1
sindonews,https://jabar.sindonews.com/read/8377/1/poles-geopark-ciletuh-disparbud-jabar-siapkan-dana-rp126-miliar-1562321239,0.66,1,0.66,0,1
sindonews,https://ekbis.sindonews.com/read/1463566/34/perum-jamkrindo-lakukan-pemberdayaan-masyarakat-di-kawasan-ciletuh-1574980097,0.5,0.89,0,0.42,1
tempo,https://travel.tempo.co/read/1090598/sertifikat-unesco-untuk-geopark-ciletuh-telah-terbit,0.66,0.91,0.66,0.79,1
tempo,https://nasional.tempo.co/read/897466/tim-asesor-unesco-kunjungi-geopark-ciletuh-jawa-barat,0.66,0.92,0,0,1
tempo,https://nasional.tempo.co/read/1090596/geopark-ciletuh-palabuhanratu-resmi-menjadi-ugg,0.72,0.82,0,0,1
tempo,https://travel.tempo.co/read/1085477/menikmati-geopark-ciletuh-dari-bukit-soca,0.66,0.95,0.66,0.84,1
tempo,https://travel.tempo.co/read/1051565/rute-baru-menuju-geopark-ciletuh-lebih-pendek-dan-indah,0.66,0.97,0.53,0.79,1
tempo,https://travel.tempo.co/read/1121586/geopark-ciletuh-dinilai-cocok-untuk-penggodogan-atlet-paralayang,0.66,0.89,0.66,0.83,1
tempo,https://nasional.tempo.co/read/872966/penambangan-dan-sampah-merusak-geopark-nasional-ciletuh,0.7,1,0.27,0.35,1
tempo,https://travel.tempo.co/read/1079922/unesco-tetapkan-ciletuh-palabuhanratu-sebagai-geopark-dunia,0.72,0.88,0.53,0.79,1
tempo,https://bisnis.tempo.co/read/832122/2017-jawa-barat-bangun-jalan-baru-33-km-ke-geopark-ciletuh,0.66,0.91,0,0,1
tempo,https://travel.tempo.co/read/1247717/ciletuh-geopark-festival-selama-10-hari-cek-agenda-yang-menarik,0.66,0.85,0.66,0.79,1
tempo,https://travel.tempo.co/read/1090598/sertifikat-unesco-untuk-geopark-ciletuh-telah-terbit,0.66,0.91,0.66,0.79,1
tempo,https://nasional.tempo.co/read/897466/tim-asesor-unesco-kunjungi-geopark-ciletuh-jawa-barat,0.66,0.92,0,0,1
tempo,https://nasional.tempo.co/read/1090596/geopark-ciletuh-palabuhanratu-resmi-menjadi-ugg,0.72,0.82,0,0,1
tempo,https://travel.tempo.co/read/1085477/menikmati-geopark-ciletuh-dari-bukit-soca,0.66,0.95,0.66,0.84,1
tempo,https://travel.tempo.co/read/1051565/rute-baru-menuju-geopark-ciletuh-lebih-pendek-dan-indah,0.66,0.97,0.53,0.79,1
tempo,https://travel.tempo.co/read/1121586/geopark-ciletuh-dinilai-cocok-untuk-penggodogan-atlet-paralayang,0.66,0.89,0.66,0.83,1
tempo,https://nasional.tempo.co/read/872966/penambangan-dan-sampah-merusak-geopark-nasional-ciletuh,0.7,1,0.27,0.35,1
tempo,https://travel.tempo.co/read/1079922/unesco-tetapkan-ciletuh-palabuhanratu-sebagai-geopark-dunia,0.72,0.88,0.53,0.79,1
tempo,https://bisnis.tempo.co/read/832122/2017-jawa-barat-bangun-jalan-baru-33-km-ke-geopark-ciletuh,0.66,0.91,0,0,1
tempo,https://travel.tempo.co/read/1247717/ciletuh-geopark-festival-selama-10-hari-cek-agenda-yang-menarik,0.66,0.85,0.66,0.79,1
tempo,https://travel.tempo.co/read/1102632/300-ribu-wisatawan-padati-geopark-ciletuh-selama-musim-liburan,0.66,0.88,0.66,0.79,1
tempo,https://travel.tempo.co/read/769940/jawa-barat-bentuk-badan-pengendali-geopark-ciletuh,0.66,0.88,0.22,0.75,1
tempo,https://travel.tempo.co/read/1081796/putra-putri-indonesia-promosikan-geopark-ciletuh-lewat-instagram,0.66,0.81,0.7,0.84,1
tempo,https://travel.tempo.co/read/1149229/geopark-ciletuh-raih-penghargaan-obyek-wisata-baru-terpopuler,0.7,0.84,0.66,0.79,1
tempo,https://nasional.tempo.co/read/1080175/geopark-ciletuh-palabuhanratu-resmi-sandang-unesco-global-geopark,0.72,0.96,0,0,1
tempo,https://travel.tempo.co/read/771812/warga-sekitar-geopark-ciletuh-dilatih-jadi-pemandu-wisata,0.7,0.75,0,0.22,1
tempo,https://travel.tempo.co/read/762929/hari-kartini-21-perempuan-jelajah-geopark-ciletuh,0.66,0.92,0,0.35,1
tempo,https://nasional.tempo.co/read/874776/paramitha-rusady-jadi-duta-geopark-ciletuh,0.66,0.83,0,0,1
tempo,https://bisnis.tempo.co/read/1064952/ahmad-heryawan-ingin-geopark-ciletuh-dibiayai-obligasi-daerah,0.66,0.82,0.53,0.83,1
tempo,https://travel.tempo.co/read/837410/unesco-siap-evaluasi-geopark-ciletuh,0.66,0.88,0,0.22,1
tempo,https://travel.tempo.co/read/1102632/300-ribu-wisatawan-padati-geopark-ciletuh-selama-musim-liburan,0.66,0.88,0.66,0.79,1
tempo,https://travel.tempo.co/read/769940/jawa-barat-bentuk-badan-pengendali-geopark-ciletuh,0.66,0.88,0.22,0.75,1
tempo,https://travel.tempo.co/read/1081796/putra-putri-indonesia-promosikan-geopark-ciletuh-lewat-instagram,0.66,0.81,0.7,0.84,1
tempo,https://travel.tempo.co/read/1149229/geopark-ciletuh-raih-penghargaan-obyek-wisata-baru-terpopuler,0.7,0.84,0.66,0.79,1
tempo,https://nasional.tempo.co/read/1080175/geopark-ciletuh-palabuhanratu-resmi-sandang-unesco-global-geopark,0.72,0.96,0,0,1
tempo,https://travel.tempo.co/read/771812/warga-sekitar-geopark-ciletuh-dilatih-jadi-pemandu-wisata,0.7,0.75,0,0.22,1
tempo,https://travel.tempo.co/read/762929/hari-kartini-21-perempuan-jelajah-geopark-ciletuh,0.66,0.92,0,0.35,1
tempo,https://nasional.tempo.co/read/874776/paramitha-rusady-jadi-duta-geopark-ciletuh,0.66,0.83,0,0,1
tempo,https://bisnis.tempo.co/read/1064952/ahmad-heryawan-ingin-geopark-ciletuh-dibiayai-obligasi-daerah,0.66,0.82,0.53,0.83,1
tempo,https://travel.tempo.co/read/837410/unesco-siap-evaluasi-geopark-ciletuh,0.66,0.88,0,0.22,1
tempo,https://travel.tempo.co/read/1247717/ciletuh-geopark-festival-selama-10-hari-cek-agenda-yang-menarik,0.66,0.85,0.66,0.79,1
tempo,https://travel.tempo.co/read/1275415/pendakian-gunung-rinjani-dibuka-kembali-ini-syaratnya/full&view=ok,0,0.84,0.53,0.84,1
tempo,https://travel.tempo.co/read/1255442/jalan-panjang-dieng-bisa-jadi-situs-geopark,0.53,0.71,0.53,0.79,1
tempo,https://travel.tempo.co/read/1245650/unesco-gunung-sewu-masih-sandang-status-geopark-dunia,0.53,0.76,0.53,0.79,1
tempo,https://tekno.tempo.co/read/1239236/indonesia-usulkan-toba-dan-belitung-jadi-geopark-dunia,0.53,0.76,0.53,0.87,1
tempo,https://travel.tempo.co/read/1229068/unesco-pantau-pengelolaan-geopark-gunung-sewu,0.53,0.67,0.53,0.84,1
tempo,https://tekno.tempo.co/read/1217976/lokasi-syuting-laskar-pelangi-ini-diusulkan-jadi-geopark-dunia,0.53,0.64,0.53,0.83,0
tempo,https://travel.tempo.co/read/1179799/apa-arti-status-global-geopark-untuk-pariwisata-danau-toba/full&view=ok,0.53,0.58,0.53,0.89,0
tempo,https://travel.tempo.co/read/1170452/banyuwangi-incar-unesco-global-geopark-menteri-arief-tak-mudah,0.53,0.73,0.53,0.87,1
tempo,https://metro.tempo.co/read/1205687/bupati-bogor-akui-kewalahan-mengawasi-gurandil,0,0.65,0,0.36,0
tempo,https://metro.tempo.co/read/1282464/bahas-8-isu-pembangunan-11-pemda-akan-berkumpul-di-bogor/full&view=ok,0,0.84,0,0.3,1
tempo,https://en.tempo.co/read/1239320/indonesia-proposes-belitung-and-toba-as-unesco-global-geoparks,0.53,0.71,0.53,0.53,1
tempo,https://travel.tempo.co/read/1238848/600-an-geolog-dunia-datangi-lombok-bukti-pariwisata-sudah-pulih,0,0.9,0.53,0.64,1
tempo,https://travel.tempo.co/read/1229873/dunia-berutang-pada-destinasi-wisata-alam-indonesia-ini/full&view=ok,0.35,0.59,0.5,0.96,0
tempo,https://tekno.tempo.co/read/1228789/peneliti-itb-krayan-layak-menjadi-situs-warisan-dunia-unesco/full&view=ok,0,0.54,0,0.91,0
tempo,https://bisnis.tempo.co/read/1203919/jawa-barat-segera-bebaskan-lahan-untuk-bandara-cikembar/full&view=ok,0,0.8,0,0.32,1
tempo,https://travel.tempo.co/read/1239345/geopark-karangsambung-bukti-kebumen-dulunya-dasar-laut,0.53,0.84,0.53,0.64,1
tribunnews,https://www.tribunnews.com/regional/2019/12/15/jamkrindo-ikut-hijaukan-geopark-ciletuh,0.66,0.87,0.26,0.76,1
tribunnews,https://travel.tribunnews.com/2019/01/14/mengenal-4-geopark-di-asia-tenggara-yang-masuk-daftar-geopark-global-unesco,0.53,0.81,0.7,0.73,1
tribunnews,https://www.tribunnews.com/regional/2019/12/15/jamkrindo-ikut-hijaukan-geopark-ciletuh,0.66,0.87,0.26,0.76,1
tribunnews,https://www.tribunnews.com/travel/2018/10/08/yuk-dikunjungi-ini-4-spot-wisata-di-geopark-ciletuh-jawa-barat,0.7,0.88,0.71,0.85,1
tribunnews,https://www.tribunnews.com/regional/2018/05/20/geopark-ciletuh-palabuhanratu-kini-resmi-gabung-unesco-global-geoparks,0.72,0.82,0.53,0.53,1
tribunnews,https://www.tribunnews.com/travel/2018/02/11/wisata-alam-geopark-ciletuh-palabuhan-ratu,0.8,0.75,0,0.53,1
tribunnews,https://www.tribunnews.com/regional/2016/07/10/ratusan-bidak-catur-raksasa-peninggalan-megalitikum-ditemukan-di-geopark-ciletuh,0.66,0.71,0.53,0.53,1
tribunnews,https://www.tribunnews.com/regional/2017/09/25/demiz-undang-presiden-ke-ciletuh-desember-nanti?page=2,0.4,0.88,0.72,0.62,1
tribunnews,https://www.tribunnews.com/regional/2020/01/24/jamkrindo-lakukan-pemberdayaan-berkelanjutan-di-geopark-ciletuh?page=2,0.66,0.76,0.66,0.8,1
tribunnews,https://www.tribunnews.com/kilas-kementerian/2018/10/13/upacara-adat-syukur-bumi-awali-festival-geopark-ciletuh,0.72,0.81,0.71,0.76,1
tribunnews,https://www.tribunnews.com/nasional/2018/04/16/50-atlet-paralayang-beraksi-di-funday-geopark-ciletuh,0.7,0.75,0,0,1
tribunnews,https://www.tribunnews.com/kilas-kementerian/2018/10/14/rekor-dunia-tercipta-di-pembukaan-festival-geopark-ciletuh-2018,0.66,0.75,0.66,0.66,1
tribunnews,https://www.tribunnews.com/regional/2018/05/20/geopark-ciletuh-palabuhanratu-kini-resmi-gabung-unesco-global-geoparks,0.72,0.82,0.53,0.53,1
tribunnews,https://m.tribunnews.com/kilas-kementerian/2019/03/09/presentasikan-potensi-geopark-indonesia-ke-markas-unesco-di-paris?page=all,0.53,0.79,0,0.53,1
tribunnews,https://www.tribunnews.com/bisnis/2019/03/26/inisiasi-antam-kembangkan-taman-buah-nusantara-di-bogor,0.27,0.84,0.27,0.27,1
tribunnews,https://www.tribunnews.com/nasional/2019/07/31/jokowi-dorong-geopark-kaldera-toba-diakui-unesco,0.58,0.77,0.53,0.84,1
tribunnews,https://www.tribunnews.com/kilas-kementerian/2019/05/07/cara-pemerintah-persiapkan-geopark-nasional-sawahlunto-jadi-unesco-global-geopark,0.58,0.75,0.58,0.58,1
tribunnews,https://bali.tribunnews.com/2019/11/29/status-batur-global-geopark-terancam-dicabut-unesco-hasil-riset-peneliti-ungkap-alasannya,0.53,0.61,0,0.58,0
tribunnews,https://banjarmasin.tribunnews.com/2019/10/31/menuju-ugg-begini-peluang-pegunungan-meratus-menurut-president-jaringan-geopark-indonesia,0.53,0.86,0.53,0.67,1
tribunnews,https://jogja.tribunnews.com/2019/09/08/geopark-gunung-sewu-berhasil-pertahankan-status-dari-unesco,0.53,0.53,0,0.69,0
tribunnews,https://www.tribunnews.com/kilas-kementerian/2019/06/26/menuju-geopark-dunia-asesor-unesco-kunjungi-belitung?page=2,0.53,0.71,0,0.52,1
tribunnews,https://www.tribunnews.com/kilas-kementerian/2019/07/07/menpar-arief-yahya-unesco-tetapkan-sawahlunto-jadi-situs-warisan-dunia?page=all,0,0.92,0,0.22,1
tribunnews,https://travel.tribunnews.com/2019/07/09/7-taman-nasional-di-indonesia-yang-masuk-situs-warisan-unesco,0.36,0.36,0.36,0.59,0
tribunnews,https://www.tribunnews.com/travel/2019/04/23/badan-pengelola-geopark-pongkor-dikukuhkan-ade-yasin-untuk-branding-the-city-of-sport-and-tourism,0.53,0.65,0,0.24,0
tribunnews,https://bali.tribunnews.com/2019/11/15/dukung-pengembangan-geopark-banyuwangi-kemenparekraf-susun-master-plan-bareng-pemkab?page=3,0.53,0.61,0,0.54,0
tribunnews,https://madura.tribunnews.com/2019/02/22/diusulkan-menjadi-geopark-dunia-di-2020-banyuwangi-genjot-persiapan-di-berbagai-unsur-penting,0.53,0.73,0,0,1
